<?xml version="1.0" encoding="utf-8"?>
<Workflow xmlns:xsi="http://www.w3.org/2001/XMLSchema-instance" xsi:noNamespaceSchemaLocation="WorkflowClient.xsd" >
  <Globals>
    <DefaultScreens activation="" credentials=""/>
  </Globals>
  <Triggers> 
    <Actions>
      <Action name="invoke" sourcescreen="Start_Screen" targetscreen="DepartmentOnline" errorscreen="">
        <Methods>
          <Method name="findByParameter" type="search" mbo="DepartmentOnline" package="pro212:1.0" showCredScreenOnAuthFailure="true" >
            <InputBinding optype="none" opname="findByParameter" generateOld="false">
              <Value sourceType="Key" workflowKey="item" paramName="dept_id" attribName="dept_id" mboType="int"/>
            </InputBinding>
            <OutputBinding generateOld="true">			    
              <Mapping workflowKey="DepartmentOnline" workflowType="list" mboType="list">
                 <Mapping workflowKey="DepartmentOnline_dept_id_attribKey" workflowType="number" attribName="dept_id" mboType="int"/>
                 <Mapping workflowKey="DepartmentOnline_dept_name_attribKey" workflowType="text" attribName="dept_name" mboType="string"/>
                 <Mapping workflowKey="DepartmentOnline_dept_head_id_attribKey" workflowType="number" attribName="dept_head_id" mboType="int"/>
              </Mapping>

            </OutputBinding>
          </Method>
        </Methods>
      </Action>
      <Action name="Online Request" sourcescreen="DepartmentOnline_update_instance" targetscreen="" errorscreen="">
        <Methods>
          <Method type="replay" mbo="DepartmentOnline" package="pro212:1.0" showCredScreenOnAuthFailure="true" >
            <InputBinding optype="update" opname="update" generateOld="true">
              <Value sourceType="Key" workflowKey="DepartmentOnline_dept_name_attribKey" paramName="dept_name" attribName="dept_name" mboType="string"/>
              <Value sourceType="Key" workflowKey="DepartmentOnline_dept_head_id_attribKey" paramName="dept_head_id" attribName="dept_head_id" mboType="int"/>
              <Value sourceType="Key" workflowKey="DepartmentOnline_dept_id_attribKey" paramName="dept_id" attribName="dept_id" mboType="int"/>			    
                
            </InputBinding>
            <OutputBinding/>
          </Method>
        </Methods>
      </Action>
      <Action name="Online Request" sourcescreen="DepartmentOnline_delete_instance" targetscreen="" errorscreen="">
        <Methods>
          <Method type="replay" mbo="DepartmentOnline" package="pro212:1.0" showCredScreenOnAuthFailure="true" >
            <InputBinding optype="delete" opname="delete" generateOld="true">
              <Value sourceType="Key" workflowKey="DepartmentOnline_dept_id_attribKey" paramName="dept_id" attribName="dept_id" mboType="int"/>
              <Value sourceType="Key" workflowKey="DepartmentOnline_dept_name_attribKey" paramName="dept_name" attribName="dept_name" mboType="string"/>
              <Value sourceType="Key" workflowKey="DepartmentOnline_dept_head_id_attribKey" paramName="dept_head_id" attribName="dept_head_id" mboType="int"/>			    
                
            </InputBinding>
            <OutputBinding/>
          </Method>
        </Methods>
      </Action>
      <Action name="Submit" sourcescreen="DepartmentOnline" targetscreen="" errorscreen="" asyncRequestErrorScreen="" errorNotificationSubjectLine="" errorNotificationFromLine="" asyncRequestErrorlogs="" asyncRequestErrorLogMessage="" asyncRequestErrorLogMessageAsList="">
        <Methods>
          <Method type="replay" mbo="DepartmentOnline" package="pro212:1.0" showCredScreenOnAuthFailure="true" >
            <InputBinding optype="none" generateOld="false">			    
                              <Value sourceType="Key" workflowKey="DepartmentOnline" mboType="list">
                <InputBinding optype="none">
                  <Value sourceType="Key" workflowKey="DepartmentOnline_dept_id_attribKey" attribName="dept_id" mboType="int"/>
                  <Value sourceType="Key" workflowKey="DepartmentOnline_dept_name_attribKey" attribName="dept_name" mboType="string"/>
                  <Value sourceType="Key" workflowKey="DepartmentOnline_dept_head_id_attribKey" attribName="dept_head_id" mboType="int"/>
                </InputBinding>
              </Value>

            </InputBinding>
            <OutputBinding/>
          </Method>
        </Methods>
      </Action>
    </Actions>
    <Notifications>
    </Notifications>
  </Triggers>
</Workflow>
        
