<?xml version="1.0" encoding="utf-8"?>
<Workflow xmlns:xsi="http://www.w3.org/2001/XMLSchema-instance" xsi:noNamespaceSchemaLocation="WorkflowClient.xsd" >
  <Globals>
    <DefaultScreens activation="" credentials=""/>
  </Globals>
  <Triggers> 
    <Actions>
      <Action name="findall" sourcescreen="Start_Screen" targetscreen="Department_create" errorscreen="">
        <Methods>
          <Method name="findAll" type="search" mbo="Department" package="projectfor21:1.0" showCredScreenOnAuthFailure="true" >
            <InputBinding optype="none" opname="findAll" generateOld="false">
            </InputBinding>
            <OutputBinding generateOld="true">			    
              <Mapping workflowKey="Department" workflowType="list" mboType="list">
                 <Mapping workflowKey="Department_dept_id_attribKey" workflowType="number" attribName="dept_id" mboType="int"/>
                 <Mapping workflowKey="Department_dept_name_attribKey" workflowType="text" attribName="dept_name" mboType="string"/>
                 <Mapping workflowKey="Department_dept_head_id_attribKey" workflowType="number" attribName="dept_head_id" mboType="int"/>
              </Mapping>
              <Mapping workflowKey="Department_create_dept_name_paramKey" workflowType="choice" keyWorkflowKey="Department.Department_dept_name_attribKey" valueWorkflowKey="Department.Department_dept_name_attribKey"/>

            </OutputBinding>
          </Method>
        </Methods>
      </Action>
      <Action name="Submit Workflow" sourcescreen="Department_create" targetscreen="" errorscreen="">
        <Methods>
          <Method type="replay" mbo="Department" package="projectfor21:1.0" showCredScreenOnAuthFailure="true" >
            <InputBinding optype="create" opname="create" generateOld="false">
              <Value sourceType="Key" workflowKey="Department_create_dept_id_paramKey" paramName="dept_id" attribName="dept_id" mboType="int"/>
              <Value sourceType="Key" workflowKey="Department_create_dept_name_paramKey" paramName="dept_name" attribName="dept_name" mboType="string"/>
              <Value sourceType="Key" workflowKey="Department_create_dept_head_id_paramKey" paramName="dept_head_id" attribName="dept_head_id" mboType="int"/>
            </InputBinding>
            <OutputBinding/>
          </Method>
        </Methods>
      </Action>
    </Actions>
    <Notifications>
    </Notifications>
  </Triggers>
</Workflow>
        
