<?xml version="1.0" encoding="utf-8"?>
<Workflow xmlns:xsi="http://www.w3.org/2001/XMLSchema-instance" xsi:noNamespaceSchemaLocation="WorkflowClient.xsd" >
  <Globals>
    <DefaultScreens activation="" credentials=""/>
  </Globals>
  <Triggers> 
    <Actions>
      <Action name="Submit Workflow" sourcescreen="Department_update_instance" targetscreen="" errorscreen="" asyncRequestErrorScreen="" errorNotificationSubjectLine="" errorNotificationFromLine="" asyncRequestErrorlogs="" asyncRequestErrorLogMessage="" asyncRequestErrorLogMessageAsList="">
        <Methods>
          <Method type="replay" mbo="Department" package="pro212:1.0" showCredScreenOnAuthFailure="true" >
            <InputBinding optype="update" opname="update" generateOld="true">
              <Value sourceType="Key" workflowKey="Department_dept_name_attribKey" paramName="dept_name" attribName="dept_name" mboType="string"/>
              <Value sourceType="Key" workflowKey="Department_dept_head_id_attribKey" paramName="dept_head_id" attribName="dept_head_id" mboType="int"/>
              <Value sourceType="Key" workflowKey="Department_dept_id_attribKey" paramName="dept_id" attribName="dept_id" mboType="int"/>
            </InputBinding>
            <OutputBinding/>
          </Method>
        </Methods>
      </Action>
      <Action name="Submit Workflow" sourcescreen="Department_delete_instance" targetscreen="" errorscreen="" asyncRequestErrorScreen="" errorNotificationSubjectLine="" errorNotificationFromLine="" asyncRequestErrorlogs="" asyncRequestErrorLogMessage="" asyncRequestErrorLogMessageAsList="">
        <Methods>
          <Method type="replay" mbo="Department" package="pro212:1.0" showCredScreenOnAuthFailure="true" >
            <InputBinding optype="delete" opname="delete" generateOld="true">
              <Value sourceType="Key" workflowKey="Department_dept_id_attribKey" paramName="dept_id" attribName="dept_id" mboType="int"/>
              <Value sourceType="Key" workflowKey="Department_dept_name_attribKey" paramName="dept_name" attribName="dept_name" mboType="string"/>
              <Value sourceType="Key" workflowKey="Department_dept_head_id_attribKey" paramName="dept_head_id" attribName="dept_head_id" mboType="int"/>
            </InputBinding>
            <OutputBinding/>
          </Method>
        </Methods>
      </Action>
    </Actions>
    <Notifications>
        <Notification type="onEmailTriggered" targetscreen="DepartmentDetail" asyncRequestErrorScreen="" errorNotificationSubjectLine="" errorNotificationFromLine="" asyncRequestErrorlogs="" asyncRequestErrorLogMessage="" asyncRequestErrorLogMessageAsList="">
          <Transformation>
          <Rule type="regex-extract" source="subject" workflowKey="dept_id" workflowType="number" beforeMatch="crudid212 = " afterMatch="" format=""/> 
        </Transformation>
        <Methods>
          <Method name="findByPrimaryKey" type="search" mbo="Department" package="pro212:1.0">
            <InputBinding opname="findByPrimaryKey" optype="none">
              <Value sourceType="Key" workflowKey="dept_id" contextVariable="" paramName="dept_id" attribName="dept_id" mboType="int" convertToLocalTime="false"/>

            </InputBinding>
            <OutputBinding generateOld="true">			    
                          <Mapping workflowKey="Department_dept_id_attribKey" workflowType="number" attribName="dept_id" mboType="int"/>
              <Mapping workflowKey="Department_dept_name_attribKey" workflowType="text" attribName="dept_name" mboType="string"/>
              <Mapping workflowKey="Department_dept_head_id_attribKey" workflowType="number" attribName="dept_head_id" mboType="int"/>

            </OutputBinding>

          </Method>
        </Methods>
      </Notification>
    </Notifications>
  </Triggers>
</Workflow>
        
