<?xml version="1.0" encoding="utf-8"?>
<Workflow xmlns:xsi="http://www.w3.org/2001/XMLSchema-instance" xsi:noNamespaceSchemaLocation="WorkflowClient.xsd" >
  <Globals>
    <DefaultScreens activation="Activate_Screen" credentials="Credential_Request_Screen"/>
  </Globals>
  <Triggers> 
    <Actions>
      <Action name="Activate" sourcescreen="Activate_Screen" targetscreen="" errorscreen="">
        <Methods>
          <Method type="replay" mbo="Department" package="WorkflowAutomation:1.0" showCredScreenOnAuthFailure="true" >
            <InputBinding optype="none" generateOld="false">
            </InputBinding>
            <OutputBinding/>
          </Method>
        </Methods>
      </Action>
      <Action name="Create" sourcescreen="Department_create" targetscreen="Success" errorscreen="ErrorList" errorlogskey="ErrorLogs" errorlogmessagekey="ErrorLogMessage" errorlogmessageaslistkey="ErrorLogMessageAsList">
        <Methods>
          <Method type="replay" mbo="Department" package="WorkflowAutomation:1.0" showCredScreenOnAuthFailure="true" >
            <InputBinding optype="create" opname="create" generateOld="false">
              <Value sourceType="Key" workflowKey="Department_create_dept_id_paramKey" paramName="dept_id" attribName="dept_id" mboType="int"/>
              <Value sourceType="Key" workflowKey="Department_create_dept_name_paramKey" paramName="dept_name" attribName="dept_name" mboType="string"/>
              <Value sourceType="Key" workflowKey="Department_create_dept_head_id_paramKey" paramName="dept_head_id" attribName="dept_head_id" mboType="int"/>			    
                
            </InputBinding>
            <OutputBinding/>
          </Method>
        </Methods>
      </Action>
      <Action name="Submit Workflow" sourcescreen="Department_update_instance" targetscreen="" errorscreen="">
        <Methods>
          <Method type="replay" mbo="Department" package="WorkflowAutomation:1.0" showCredScreenOnAuthFailure="true" >
            <InputBinding optype="update" opname="update" generateOld="true">
              <Value sourceType="Key" workflowKey="Department_dept_name_attribKey" paramName="dept_name" attribName="dept_name" mboType="string"/>
              <Value sourceType="Key" workflowKey="Department_dept_head_id_attribKey" paramName="dept_head_id" attribName="dept_head_id" mboType="int"/>
              <Value sourceType="Key" workflowKey="Department_dept_id_attribKey" paramName="dept_id" attribName="dept_id" mboType="int"/>
            </InputBinding>
            <OutputBinding/>
          </Method>
        </Methods>
      </Action>
      <Action name="Submit Workflow" sourcescreen="Department_delete_instance" targetscreen="" errorscreen="">
        <Methods>
          <Method type="replay" mbo="Department" package="WorkflowAutomation:1.0" showCredScreenOnAuthFailure="true" >
            <InputBinding optype="delete" opname="delete" generateOld="true">
              <Value sourceType="Key" workflowKey="Department_dept_id_attribKey" paramName="dept_id" attribName="dept_id" mboType="int"/>
            </InputBinding>
            <OutputBinding/>
          </Method>
        </Methods>
      </Action>
      <Action name="Delete" sourcescreen="Department_delete" targetscreen="" errorscreen="">
        <Methods>
          <Method type="replay" mbo="Department" package="WorkflowAutomation:1.0" showCredScreenOnAuthFailure="true" >
            <InputBinding optype="delete" opname="delete" generateOld="false">
              <Value sourceType="Key" workflowKey="Department_delete_dept_id_paramKey" paramName="dept_id" attribName="dept_id" mboType="int"/>
            </InputBinding>
            <OutputBinding/>
          </Method>
        </Methods>
      </Action>
      <Action name="Submit" sourcescreen="DepartmentDetail" targetscreen="" errorscreen="">
        <Methods>
          <Method type="replay" mbo="Department" package="WorkflowAutomation:1.0" showCredScreenOnAuthFailure="true" >
            <InputBinding optype="none" generateOld="false">
              <Value sourceType="Key" workflowKey="Department_dept_id_attribKey" attribName="dept_id" mboType="int"/>							
              <Value sourceType="Key" workflowKey="Department_dept_name_attribKey" attribName="dept_name" mboType="string"/>							
              <Value sourceType="Key" workflowKey="Department_dept_head_id_attribKey" attribName="dept_head_id" mboType="int"/>										    
                              <Value sourceType="Key" workflowKey="Department_employees_relationshipKey" relationShipName="employees" mboType="list">
                <InputBinding actiontype="delete" optype="delete" opname="delete" generateOld="true">
                  <Value sourceType="Key" workflowKey="Employee_emp_id_attribKey" contextVariable="" paramName="emp_id" attribName="emp_id" mboType="int"/>
                </InputBinding>
                <InputBinding optype="none">
                  <Value sourceType="Key" workflowKey="Employee_emp_id_attribKey" attribName="emp_id" mboType="int"/>
                  <Value sourceType="Key" workflowKey="Employee_manager_id_attribKey" attribName="manager_id" mboType="int"/>
                  <Value sourceType="Key" workflowKey="Employee_emp_fname_attribKey" attribName="emp_fname" mboType="string"/>
                  <Value sourceType="Key" workflowKey="Employee_emp_lname_attribKey" attribName="emp_lname" mboType="string"/>
                  <Value sourceType="Key" workflowKey="Employee_dept_id_attribKey" attribName="dept_id" mboType="int"/>
                  <Value sourceType="Key" workflowKey="Employee_street_attribKey" attribName="street" mboType="string"/>
                  <Value sourceType="Key" workflowKey="Employee_city_attribKey" attribName="city" mboType="string"/>
                  <Value sourceType="Key" workflowKey="Employee_state_attribKey" attribName="state" mboType="string"/>
                  <Value sourceType="Key" workflowKey="Employee_zip_code_attribKey" attribName="zip_code" mboType="string"/>
                  <Value sourceType="Key" workflowKey="Employee_phone_attribKey" attribName="phone" mboType="string"/>
                  <Value sourceType="Key" workflowKey="Employee_status_attribKey" attribName="status" mboType="string"/>
                  <Value sourceType="Key" workflowKey="Employee_ss_number_attribKey" attribName="ss_number" mboType="string"/>
                  <Value sourceType="Key" workflowKey="Employee_salary_attribKey" attribName="salary" mboType="decimal"/>
                  <Value sourceType="Key" workflowKey="Employee_start_date_attribKey" attribName="start_date" mboType="date"/>
                  <Value sourceType="Key" workflowKey="Employee_termination_date_attribKey" attribName="termination_date" mboType="date"/>
                  <Value sourceType="Key" workflowKey="Employee_birth_date_attribKey" attribName="birth_date" mboType="date"/>
                  <Value sourceType="Key" workflowKey="Employee_bene_health_ins_attribKey" attribName="bene_health_ins" mboType="string"/>
                  <Value sourceType="Key" workflowKey="Employee_bene_life_ins_attribKey" attribName="bene_life_ins" mboType="string"/>
                  <Value sourceType="Key" workflowKey="Employee_bene_day_care_attribKey" attribName="bene_day_care" mboType="string"/>
                  <Value sourceType="Key" workflowKey="Employee_sex_attribKey" attribName="sex" mboType="string"/>
                </InputBinding>
                <InputBinding actiontype="update" optype="update" opname="update" generateOld="true">
                  <Value sourceType="Key" workflowKey="Employee_manager_id_attribKey" contextVariable="" paramName="manager_id" attribName="manager_id" mboType="int"/>
                  <Value sourceType="Key" workflowKey="Employee_emp_fname_attribKey" contextVariable="" paramName="emp_fname" attribName="emp_fname" mboType="string"/>
                  <Value sourceType="Key" workflowKey="Employee_emp_lname_attribKey" contextVariable="" paramName="emp_lname" attribName="emp_lname" mboType="string"/>
                  <Value sourceType="Key" workflowKey="Employee_dept_id_attribKey" contextVariable="" paramName="dept_id" attribName="dept_id" mboType="int"/>
                  <Value sourceType="Key" workflowKey="Employee_street_attribKey" contextVariable="" paramName="street" attribName="street" mboType="string"/>
                  <Value sourceType="Key" workflowKey="Employee_city_attribKey" contextVariable="" paramName="city" attribName="city" mboType="string"/>
                  <Value sourceType="Key" workflowKey="Employee_state_attribKey" contextVariable="" paramName="state" attribName="state" mboType="string"/>
                  <Value sourceType="Key" workflowKey="Employee_zip_code_attribKey" contextVariable="" paramName="zip_code" attribName="zip_code" mboType="string"/>
                  <Value sourceType="Key" workflowKey="Employee_phone_attribKey" contextVariable="" paramName="phone" attribName="phone" mboType="string"/>
                  <Value sourceType="Key" workflowKey="Employee_status_attribKey" contextVariable="" paramName="status" attribName="status" mboType="string"/>
                  <Value sourceType="Key" workflowKey="Employee_ss_number_attribKey" contextVariable="" paramName="ss_number" attribName="ss_number" mboType="string"/>
                  <Value sourceType="Key" workflowKey="Employee_salary_attribKey" contextVariable="" paramName="salary" attribName="salary" mboType="decimal"/>
                  <Value sourceType="Key" workflowKey="Employee_start_date_attribKey" contextVariable="" paramName="start_date" attribName="start_date" mboType="date"/>
                  <Value sourceType="Key" workflowKey="Employee_termination_date_attribKey" contextVariable="" paramName="termination_date" attribName="termination_date" mboType="date"/>
                  <Value sourceType="Key" workflowKey="Employee_birth_date_attribKey" contextVariable="" paramName="birth_date" attribName="birth_date" mboType="date"/>
                  <Value sourceType="Key" workflowKey="Employee_bene_health_ins_attribKey" contextVariable="" paramName="bene_health_ins" attribName="bene_health_ins" mboType="string"/>
                  <Value sourceType="Key" workflowKey="Employee_bene_life_ins_attribKey" contextVariable="" paramName="bene_life_ins" attribName="bene_life_ins" mboType="string"/>
                  <Value sourceType="Key" workflowKey="Employee_bene_day_care_attribKey" contextVariable="" paramName="bene_day_care" attribName="bene_day_care" mboType="string"/>
                  <Value sourceType="Key" workflowKey="Employee_sex_attribKey" contextVariable="" paramName="sex" attribName="sex" mboType="string"/>
                  <Value sourceType="Key" workflowKey="Employee_emp_id_attribKey" contextVariable="" paramName="emp_id" attribName="emp_id" mboType="int"/>
                </InputBinding>
                <InputBinding actiontype="create" optype="create" opname="create" generateOld="true">
                  <Value sourceType="Key" workflowKey="Employee_create_emp_id_paramKey" contextVariable="" paramName="emp_id" attribName="emp_id" mboType="int"/>
                  <Value sourceType="Key" workflowKey="Employee_create_manager_id_paramKey" contextVariable="" paramName="manager_id" attribName="manager_id" mboType="int"/>
                  <Value sourceType="Key" workflowKey="Employee_create_emp_fname_paramKey" contextVariable="" paramName="emp_fname" attribName="emp_fname" mboType="string"/>
                  <Value sourceType="Key" workflowKey="Employee_create_emp_lname_paramKey" contextVariable="" paramName="emp_lname" attribName="emp_lname" mboType="string"/>
                  <Value sourceType="Key" workflowKey="Employee_create_dept_id_paramKey" contextVariable="" paramName="dept_id" attribName="dept_id" mboType="int"/>
                  <Value sourceType="Key" workflowKey="Employee_create_street_paramKey" contextVariable="" paramName="street" attribName="street" mboType="string"/>
                  <Value sourceType="Key" workflowKey="Employee_create_city_paramKey" contextVariable="" paramName="city" attribName="city" mboType="string"/>
                  <Value sourceType="Key" workflowKey="Employee_create_state_paramKey" contextVariable="" paramName="state" attribName="state" mboType="string"/>
                  <Value sourceType="Key" workflowKey="Employee_create_zip_code_paramKey" contextVariable="" paramName="zip_code" attribName="zip_code" mboType="string"/>
                  <Value sourceType="Key" workflowKey="Employee_create_phone_paramKey" contextVariable="" paramName="phone" attribName="phone" mboType="string"/>
                  <Value sourceType="Key" workflowKey="Employee_create_status_paramKey" contextVariable="" paramName="status" attribName="status" mboType="string"/>
                  <Value sourceType="Key" workflowKey="Employee_create_ss_number_paramKey" contextVariable="" paramName="ss_number" attribName="ss_number" mboType="string"/>
                  <Value sourceType="Key" workflowKey="Employee_create_salary_paramKey" contextVariable="" paramName="salary" attribName="salary" mboType="decimal"/>
                  <Value sourceType="Key" workflowKey="Employee_create_start_date_paramKey" contextVariable="" paramName="start_date" attribName="start_date" mboType="date"/>
                  <Value sourceType="Key" workflowKey="Employee_create_termination_date_paramKey" contextVariable="" paramName="termination_date" attribName="termination_date" mboType="date"/>
                  <Value sourceType="Key" workflowKey="Employee_create_birth_date_paramKey" contextVariable="" paramName="birth_date" attribName="birth_date" mboType="date"/>
                  <Value sourceType="Key" workflowKey="Employee_create_bene_health_ins_paramKey" contextVariable="" paramName="bene_health_ins" attribName="bene_health_ins" mboType="string"/>
                  <Value sourceType="Key" workflowKey="Employee_create_bene_life_ins_paramKey" contextVariable="" paramName="bene_life_ins" attribName="bene_life_ins" mboType="string"/>
                  <Value sourceType="Key" workflowKey="Employee_create_bene_day_care_paramKey" contextVariable="" paramName="bene_day_care" attribName="bene_day_care" mboType="string"/>
                  <Value sourceType="Key" workflowKey="Employee_create_sex_paramKey" contextVariable="" paramName="sex" attribName="sex" mboType="string"/>
                </InputBinding>
              </Value>

            </InputBinding>
            <OutputBinding/>
          </Method>
        </Methods>
      </Action>
    </Actions>
    <Notifications>
        <Notification type="onEmailTriggered" targetscreen="DepartmentDetail">
          <Transformation>
          <Rule type="regex-extract" source="subject" workflowKey="dept_id" workflowType="number" beforeMatch="department = " afterMatch="" format=""/> 
        </Transformation>
        <Methods>
          <Method name="findByPrimaryKey" type="search" mbo="Department" package="WorkflowAutomation:1.0">
            <InputBinding opname="findByPrimaryKey" optype="none">
              <Value sourceType="Key" workflowKey="dept_id" contextVariable="" paramName="dept_id" attribName="dept_id" mboType="int" convertToLocalTime="false"/>

            </InputBinding>
            <OutputBinding generateOld="true">			    
                          <Mapping workflowKey="Department_dept_id_attribKey" workflowType="number" attribName="dept_id" mboType="int"/>
              <Mapping workflowKey="Department_dept_name_attribKey" workflowType="text" attribName="dept_name" mboType="string"/>
              <Mapping workflowKey="Department_dept_head_id_attribKey" workflowType="number" attribName="dept_head_id" mboType="int"/>
              <Mapping workflowKey="Department_employees_relationshipKey" workflowType="list" relationShipName="employees" mboType="list">
                <Mapping workflowKey="Employee_emp_id_attribKey" workflowType="number" attribName="emp_id" mboType="int"/>
                <Mapping workflowKey="Employee_manager_id_attribKey" workflowType="number" attribName="manager_id" mboType="int"/>
                <Mapping workflowKey="Employee_emp_fname_attribKey" workflowType="text" attribName="emp_fname" mboType="string"/>
                <Mapping workflowKey="Employee_emp_lname_attribKey" workflowType="text" attribName="emp_lname" mboType="string"/>
                <Mapping workflowKey="Employee_dept_id_attribKey" workflowType="number" attribName="dept_id" mboType="int"/>
                <Mapping workflowKey="Employee_street_attribKey" workflowType="text" attribName="street" mboType="string"/>
                <Mapping workflowKey="Employee_city_attribKey" workflowType="text" attribName="city" mboType="string"/>
                <Mapping workflowKey="Employee_state_attribKey" workflowType="text" attribName="state" mboType="string"/>
                <Mapping workflowKey="Employee_zip_code_attribKey" workflowType="text" attribName="zip_code" mboType="string"/>
                <Mapping workflowKey="Employee_phone_attribKey" workflowType="text" attribName="phone" mboType="string"/>
                <Mapping workflowKey="Employee_status_attribKey" workflowType="text" attribName="status" mboType="string"/>
                <Mapping workflowKey="Employee_ss_number_attribKey" workflowType="text" attribName="ss_number" mboType="string"/>
                <Mapping workflowKey="Employee_salary_attribKey" workflowType="number" attribName="salary" mboType="decimal"/>
                <Mapping workflowKey="Employee_start_date_attribKey" workflowType="date" attribName="start_date" mboType="date"/>
                <Mapping workflowKey="Employee_termination_date_attribKey" workflowType="date" attribName="termination_date" mboType="date"/>
                <Mapping workflowKey="Employee_birth_date_attribKey" workflowType="date" attribName="birth_date" mboType="date"/>
                <Mapping workflowKey="Employee_bene_health_ins_attribKey" workflowType="text" attribName="bene_health_ins" mboType="string"/>
                <Mapping workflowKey="Employee_bene_life_ins_attribKey" workflowType="text" attribName="bene_life_ins" mboType="string"/>
                <Mapping workflowKey="Employee_bene_day_care_attribKey" workflowType="text" attribName="bene_day_care" mboType="string"/>
                <Mapping workflowKey="Employee_sex_attribKey" workflowType="text" attribName="sex" mboType="string"/>
              </Mapping>

            </OutputBinding>

          </Method>
        </Methods>
      </Notification>
    </Notifications>
  </Triggers>
</Workflow>
        
