<?xml version="1.0" encoding="utf-8"?>
<Workflow xmlns:xsi="http://www.w3.org/2001/XMLSchema-instance" xsi:noNamespaceSchemaLocation="WorkflowClient.xsd" >
  <Globals>
    <DefaultScreens activation="" credentials=""/>
  </Globals>
  <Triggers> 
    <Actions>
      <Action name="invoke" sourcescreen="Start_Screen" targetscreen="Department_delete_instance" errorscreen="">
        <Methods>
          <Method name="findByPrimaryKey" type="search" mbo="Department" package="pro212:1.0" showCredScreenOnAuthFailure="true" >
            <InputBinding optype="none" opname="findByPrimaryKey" generateOld="false">
              <Value sourceType="Key" workflowKey="item" paramName="dept_id" attribName="dept_id" mboType="int"/>
            </InputBinding>
            <OutputBinding generateOld="true">			    
              <Mapping workflowKey="Department_dept_id_attribKey" workflowType="number" attribName="dept_id" mboType="int"/>
              <Mapping workflowKey="Department_dept_name_attribKey" workflowType="text" attribName="dept_name" mboType="string"/>
              <Mapping workflowKey="Department_dept_head_id_attribKey" workflowType="number" attribName="dept_head_id" mboType="int"/>

            </OutputBinding>
          </Method>
        </Methods>
      </Action>
      <Action name="Submit Workflow" sourcescreen="Department_create" targetscreen="" errorscreen="" asyncRequestErrorScreen="" errorNotificationSubjectLine="" errorNotificationFromLine="" asyncRequestErrorlogs="" asyncRequestErrorLogMessage="" asyncRequestErrorLogMessageAsList="">
        <Methods>
          <Method type="replay" mbo="Department" package="pro212:1.0" showCredScreenOnAuthFailure="true" >
            <InputBinding optype="create" opname="create" generateOld="false">
              <Value sourceType="Key" workflowKey="Department_create_dept_id_paramKey" paramName="dept_id" attribName="dept_id" mboType="int"/>
              <Value sourceType="Key" workflowKey="Department_create_dept_name_paramKey" paramName="dept_name" attribName="dept_name" mboType="string"/>
              <Value sourceType="Key" workflowKey="Department_create_dept_head_id_paramKey" paramName="dept_head_id" attribName="dept_head_id" mboType="int"/>
            </InputBinding>
            <OutputBinding/>
          </Method>
        </Methods>
      </Action>
      <Action name="Submit Workflow" sourcescreen="Department_delete_instance" targetscreen="" errorscreen="" asyncRequestErrorScreen="" errorNotificationSubjectLine="" errorNotificationFromLine="" asyncRequestErrorlogs="" asyncRequestErrorLogMessage="" asyncRequestErrorLogMessageAsList="">
        <Methods>
          <Method type="replay" mbo="Department" package="pro212:1.0" showCredScreenOnAuthFailure="true" >
            <InputBinding optype="delete" opname="delete" generateOld="true">
              <Value sourceType="Key" workflowKey="Department_dept_id_attribKey" paramName="dept_id" attribName="dept_id" mboType="int"/>
              <Value sourceType="Key" workflowKey="Department_dept_name_attribKey" paramName="dept_name" attribName="dept_name" mboType="string"/>
              <Value sourceType="Key" workflowKey="Department_dept_head_id_attribKey" paramName="dept_head_id" attribName="dept_head_id" mboType="int"/>
            </InputBinding>
            <OutputBinding/>
          </Method>
        </Methods>
      </Action>
    </Actions>
    <Notifications>
    </Notifications>
  </Triggers>
</Workflow>
        
