<?xml version="1.0" encoding="utf-8"?>
<Workflow xmlns:xsi="http://www.w3.org/2001/XMLSchema-instance" xsi:noNamespaceSchemaLocation="WorkflowClient.xsd" >
  <Globals>
    <DefaultScreens activation="" credentials=""/>
  </Globals>
  <Triggers> 
    <Actions>
      <Action name="findall" sourcescreen="Start_Screen" targetscreen="Department" errorscreen="">
        <Methods>
          <Method name="findAll" type="search" mbo="Department" package="pro20:1.0" >
            <InputBinding optype="none" opname="findAll" generateOld="false">
            </InputBinding>
            <OutputBinding generateOld="true">			    
              <Mapping workflowKey="Department" workflowType="list" mboType="list">
                 <Mapping workflowKey="Department_dept_id_attribKey" workflowType="number" attribName="dept_id" mboType="int"/>
                 <Mapping workflowKey="Department_dept_name_attribKey" workflowType="text" attribName="dept_name" mboType="string"/>
                 <Mapping workflowKey="Department_dept_head_id_attribKey" workflowType="number" attribName="dept_head_id" mboType="int"/>
              </Mapping>

            </OutputBinding>
          </Method>
        </Methods>
      </Action>
      <Action name="findbypk" sourcescreen="Start_Screen" targetscreen="DepartmentDetail" errorscreen="">
        <Methods>
          <Method name="findByPrimaryKey" type="search" mbo="Department" package="pro20:1.0" >
            <InputBinding optype="none" opname="findByPrimaryKey" generateOld="false">
              <Value sourceType="Key" workflowKey="item" paramName="dept_id" attribName="dept_id" mboType="int"/>
            </InputBinding>
            <OutputBinding generateOld="true">			    
              <Mapping workflowKey="Department_dept_id_attribKey" workflowType="number" attribName="dept_id" mboType="int"/>
              <Mapping workflowKey="Department_dept_name_attribKey" workflowType="text" attribName="dept_name" mboType="string"/>
              <Mapping workflowKey="Department_dept_head_id_attribKey" workflowType="number" attribName="dept_head_id" mboType="int"/>

            </OutputBinding>
          </Method>
        </Methods>
      </Action>
      <Action name="Online_Request" sourcescreen="Department_update_instance" targetscreen="" errorscreen="">
        <Methods>
          <Method type="replay" mbo="Department" package="pro20:1.0" >
            <InputBinding optype="update" opname="update" generateOld="true">
              <Value sourceType="Key" workflowKey="Department_dept_name_attribKey" paramName="dept_name" attribName="dept_name" mboType="string"/>
              <Value sourceType="Key" workflowKey="Department_dept_head_id_attribKey" paramName="dept_head_id" attribName="dept_head_id" mboType="int"/>
              <Value sourceType="Key" workflowKey="Department_dept_id_attribKey" paramName="dept_id" attribName="dept_id" mboType="int"/>			    
                
            </InputBinding>
            <OutputBinding/>
          </Method>
        </Methods>
      </Action>
      <Action name="Online_Request" sourcescreen="Department_delete_instance" targetscreen="" errorscreen="">
        <Methods>
          <Method type="replay" mbo="Department" package="pro20:1.0" >
            <InputBinding optype="delete" opname="delete" generateOld="true">
              <Value sourceType="Key" workflowKey="Department_dept_id_attribKey" paramName="dept_id" attribName="dept_id" mboType="int"/>			    
                
            </InputBinding>
            <OutputBinding/>
          </Method>
        </Methods>
      </Action>
      <Action name="Submit" sourcescreen="Department" targetscreen="" errorscreen="">
        <Methods>
          <Method type="replay" mbo="Department" package="pro20:1.0" >
            <InputBinding optype="none" generateOld="false">			    
                              <Value sourceType="Key" workflowKey="Department" mboType="list">
                <InputBinding optype="none">
                  <Value sourceType="Key" workflowKey="Department_dept_id_attribKey" attribName="dept_id" mboType="int"/>
                  <Value sourceType="Key" workflowKey="Department_dept_name_attribKey" attribName="dept_name" mboType="string"/>
                  <Value sourceType="Key" workflowKey="Department_dept_head_id_attribKey" attribName="dept_head_id" mboType="int"/>
                </InputBinding>
              </Value>

            </InputBinding>
            <OutputBinding/>
          </Method>
        </Methods>
      </Action>
    </Actions>
    <Notifications>
    </Notifications>
  </Triggers>
</Workflow>
        
