<?xml version="1.0" encoding="utf-8"?>
<Workflow xmlns:xsi="http://www.w3.org/2001/XMLSchema-instance" xsi:noNamespaceSchemaLocation="WorkflowClient.xsd" >
  <Globals>
    <DefaultScreens activation="" credentials=""/>
  </Globals>
  <Triggers> 
    <Actions>
      <Action name="getAll" sourcescreen="Start_Screen" targetscreen="GetAllType" errorscreen="">
        <Methods>
          <Method name="findAll" type="search" mbo="GetAllType" package="ws_complex:1.0" >
            <InputBinding optype="none" opname="findAll" generateOld="false">
            </InputBinding>
            <OutputBinding generateOld="true">			    
              <Mapping workflowKey="GetAllType" workflowType="list" mboType="list">
                 <Mapping workflowKey="GetAllType_intType_attribKey" workflowType="number" attribName="intType" mboType="int"/>
                 <Mapping workflowKey="GetAllType_stringType_attribKey" workflowType="text" attribName="stringType" mboType="string"/>
                 <Mapping workflowKey="GetAllType_booleanType_attribKey" workflowType="boolean" attribName="booleanType" mboType="boolean"/>
                 <Mapping workflowKey="GetAllType_decimalType_attribKey" workflowType="number" attribName="decimalType" mboType="decimal"/>
                 <Mapping workflowKey="GetAllType_floatType_attribKey" workflowType="number" attribName="floatType" mboType="float"/>
                 <Mapping workflowKey="GetAllType_doubleType_attribKey" workflowType="number" attribName="doubleType" mboType="double"/>
                 <Mapping workflowKey="GetAllType_dateTimeType_attribKey" workflowType="datetime" attribName="dateTimeType" mboType="datetime"/>
                 <Mapping workflowKey="GetAllType_timeType_attribKey" workflowType="time" attribName="timeType" mboType="time"/>
                 <Mapping workflowKey="GetAllType_dateType_attribKey" workflowType="date" attribName="dateType" mboType="date"/>
                 <Mapping workflowKey="GetAllType_hexBinaryType_attribKey" workflowType="text" attribName="hexBinaryType" mboType="binary"/>
                 <Mapping workflowKey="GetAllType_base64BinaryType_attribKey" workflowType="text" attribName="base64BinaryType" mboType="binary"/>
                 <Mapping workflowKey="GetAllType_anyURIType_attribKey" workflowType="text" attribName="anyURIType" mboType="string"/>
                 <Mapping workflowKey="GetAllType_qNameType_attribKey" workflowType="text" attribName="qNameType" mboType="string"/>
                 <Mapping workflowKey="GetAllType_anyTypeType_attribKey" workflowType="text" attribName="anyTypeType" mboType="string"/>
              </Mapping>

            </OutputBinding>
          </Method>
        </Methods>
      </Action>
      <Action name="Online_Request" sourcescreen="GetAllType_insertAllType" targetscreen="" errorscreen="">
        <Methods>
          <Method type="replay" mbo="GetAllType" package="ws_complex:1.0" >
            <InputBinding optype="create" opname="insertAllType" generateOld="false">
                      <Value sourceType="Key"  paramName="alltype" mboType="structure" >
                      <Value sourceType="Key" workflowKey="alltype_IntType_attribKey" attribName="IntType" mboType="int"/>
                      <Value sourceType="Key" workflowKey="alltype_StringType_attribKey" attribName="StringType" mboType="string"/>
                      <Value sourceType="Key" workflowKey="alltype_BooleanType_attribKey" attribName="BooleanType" mboType="boolean"/>
                      <Value sourceType="Key" workflowKey="alltype_DecimalType_attribKey" attribName="DecimalType" mboType="decimal"/>
                      <Value sourceType="Key" workflowKey="alltype_FloatType_attribKey" attribName="FloatType" mboType="float"/>
                      <Value sourceType="Key" workflowKey="alltype_DoubleType_attribKey" attribName="DoubleType" mboType="double"/>
                      <Value sourceType="Key" workflowKey="alltype_DateTimeType_attribKey" attribName="DateTimeType" mboType="datetime"/>
                      <Value sourceType="Key" workflowKey="alltype_TimeType_attribKey" attribName="TimeType" mboType="time"/>
                      <Value sourceType="Key" workflowKey="alltype_DateType_attribKey" attribName="DateType" mboType="date"/>
                      <Value sourceType="Key" workflowKey="alltype_HexBinaryType_attribKey" attribName="HexBinaryType" mboType="binary"/>
                      <Value sourceType="Key" workflowKey="alltype_Base64BinaryType_attribKey" attribName="Base64BinaryType" mboType="binary"/>
                      <Value sourceType="Key" workflowKey="alltype_AnyURIType_attribKey" attribName="AnyURIType" mboType="string"/>
                      <Value sourceType="Key" workflowKey="alltype_QNameType_attribKey" attribName="QNameType" mboType="string"/>
                      <Value sourceType="Key" workflowKey="alltype_AnyTypeType_attribKey" attribName="AnyTypeType" mboType="string"/>
                      </Value>			    
                
            </InputBinding>
            <OutputBinding/>
          </Method>
        </Methods>
      </Action>
      <Action name="Submit" sourcescreen="GetAllType" targetscreen="" errorscreen="">
        <Methods>
          <Method type="replay" mbo="GetAllType" package="ws_complex:1.0" >
            <InputBinding optype="none" generateOld="false">			    
                              <Value sourceType="Key" workflowKey="GetAllType" mboType="list">
                <InputBinding optype="none">
                  <Value sourceType="Key" workflowKey="GetAllType_intType_attribKey" attribName="intType" mboType="int"/>
                  <Value sourceType="Key" workflowKey="GetAllType_stringType_attribKey" attribName="stringType" mboType="string"/>
                  <Value sourceType="Key" workflowKey="GetAllType_booleanType_attribKey" attribName="booleanType" mboType="boolean"/>
                  <Value sourceType="Key" workflowKey="GetAllType_decimalType_attribKey" attribName="decimalType" mboType="decimal"/>
                  <Value sourceType="Key" workflowKey="GetAllType_floatType_attribKey" attribName="floatType" mboType="float"/>
                  <Value sourceType="Key" workflowKey="GetAllType_doubleType_attribKey" attribName="doubleType" mboType="double"/>
                  <Value sourceType="Key" workflowKey="GetAllType_dateTimeType_attribKey" attribName="dateTimeType" mboType="datetime"/>
                  <Value sourceType="Key" workflowKey="GetAllType_timeType_attribKey" attribName="timeType" mboType="time"/>
                  <Value sourceType="Key" workflowKey="GetAllType_dateType_attribKey" attribName="dateType" mboType="date"/>
                  <Value sourceType="Key" workflowKey="GetAllType_hexBinaryType_attribKey" attribName="hexBinaryType" mboType="binary"/>
                  <Value sourceType="Key" workflowKey="GetAllType_base64BinaryType_attribKey" attribName="base64BinaryType" mboType="binary"/>
                  <Value sourceType="Key" workflowKey="GetAllType_anyURIType_attribKey" attribName="anyURIType" mboType="string"/>
                  <Value sourceType="Key" workflowKey="GetAllType_qNameType_attribKey" attribName="qNameType" mboType="string"/>
                  <Value sourceType="Key" workflowKey="GetAllType_anyTypeType_attribKey" attribName="anyTypeType" mboType="string"/>
                </InputBinding>
              </Value>

            </InputBinding>
            <OutputBinding/>
          </Method>
        </Methods>
      </Action>
    </Actions>
    <Notifications>
    </Notifications>
  </Triggers>
</Workflow>
        
