<?xml version="1.0" encoding="utf-8"?>
<Workflow xmlns:xsi="http://www.w3.org/2001/XMLSchema-instance" xsi:noNamespaceSchemaLocation="WorkflowClient.xsd" >
  <Globals>
    <DefaultScreens activation="" credentials=""/>
  </Globals>
  <Triggers> 
    <Actions>
      <Action name="Online Request" sourcescreen="AllMBODataType_update_instance" targetscreen="successScr" errorscreen="">
        <Methods>
          <Method type="replay" mbo="AllMBODataType" package="projectfor21:1.0" showCredScreenOnAuthFailure="true" >
            <InputBinding optype="update" opname="update" generateOld="true">
              <Value sourceType="Key" workflowKey="AllMBODataType_type_INT_attribKey" paramName="type_INT" attribName="type_INT" mboType="int"/>
              <Value sourceType="Key" workflowKey="AllMBODataType_type_LONG_attribKey" paramName="type_LONG" attribName="type_LONG" mboType="long"/>
              <Value sourceType="Key" workflowKey="AllMBODataType_type_STRING_attribKey" paramName="type_STRING" attribName="type_STRING" mboType="string"/>
              <Value sourceType="Key" workflowKey="AllMBODataType_type_DATE_attribKey" paramName="type_DATE" attribName="type_DATE" mboType="date"/>
              <Value sourceType="Key" workflowKey="AllMBODataType_type_DATETIME_attribKey" paramName="type_DATETIME" attribName="type_DATETIME" mboType="datetime"/>
              <Value sourceType="Key" workflowKey="AllMBODataType_type_TIME_attribKey" paramName="type_TIME" attribName="type_TIME" mboType="time"/>
              <Value sourceType="Key" workflowKey="AllMBODataType_type_DECIMAL_attribKey" paramName="type_DECIMAL" attribName="type_DECIMAL" mboType="decimal"/>
              <Value sourceType="Key" workflowKey="AllMBODataType_type_FLOAT_attribKey" paramName="type_FLOAT" attribName="type_FLOAT" mboType="float"/>
              <Value sourceType="Key" workflowKey="AllMBODataType_type_DOUBLE_attribKey" paramName="type_DOUBLE" attribName="type_DOUBLE" mboType="double"/>
              <Value sourceType="Key" workflowKey="AllMBODataType_type_BOOLEAN_attribKey" paramName="type_BOOLEAN" attribName="type_BOOLEAN" mboType="boolean"/>
              <Value sourceType="Key" workflowKey="AllMBODataType_type_BINARY_attribKey" paramName="type_BINARY" attribName="type_BINARY" mboType="binary"/>
              <Value sourceType="Key" workflowKey="AllMBODataType_type_multi_attribKey" paramName="type_multi" attribName="type_multi" mboType="string"/>
              <Value sourceType="Key" workflowKey="AllMBODataType_id_attribKey" paramName="id" attribName="id" mboType="int"/>			    
                
            </InputBinding>
            <OutputBinding/>
          </Method>
        </Methods>
      </Action>
      <Action name="Online Request" sourcescreen="AllMBODataType_delete_instance" targetscreen="" errorscreen="">
        <Methods>
          <Method type="replay" mbo="AllMBODataType" package="projectfor21:1.0" showCredScreenOnAuthFailure="true" >
            <InputBinding optype="delete" opname="delete" generateOld="true">
              <Value sourceType="Key" workflowKey="AllMBODataType_id_attribKey" paramName="id" attribName="id" mboType="int"/>
            </InputBinding>
            <OutputBinding/>
          </Method>
        </Methods>
      </Action>
      <Action name="Submit" sourcescreen="AllMBODataType" targetscreen="" errorscreen="">
        <Methods>
          <Method type="replay" mbo="AllMBODataType" package="projectfor21:1.0" showCredScreenOnAuthFailure="true" >
            <InputBinding optype="none" generateOld="false">			    
                              <Value sourceType="Key" workflowKey="AllMBODataType" mboType="list">
                <InputBinding optype="none">
                  <Value sourceType="Key" workflowKey="AllMBODataType_id_attribKey" attribName="id" mboType="int"/>
                  <Value sourceType="Key" workflowKey="AllMBODataType_type_INT_attribKey" attribName="type_INT" mboType="int"/>
                  <Value sourceType="Key" workflowKey="AllMBODataType_type_LONG_attribKey" attribName="type_LONG" mboType="long"/>
                  <Value sourceType="Key" workflowKey="AllMBODataType_type_STRING_attribKey" attribName="type_STRING" mboType="string"/>
                  <Value sourceType="Key" workflowKey="AllMBODataType_type_DATE_attribKey" attribName="type_DATE" mboType="date"/>
                  <Value sourceType="Key" workflowKey="AllMBODataType_type_DATETIME_attribKey" attribName="type_DATETIME" mboType="datetime"/>
                  <Value sourceType="Key" workflowKey="AllMBODataType_type_TIME_attribKey" attribName="type_TIME" mboType="time"/>
                  <Value sourceType="Key" workflowKey="AllMBODataType_type_DECIMAL_attribKey" attribName="type_DECIMAL" mboType="decimal"/>
                  <Value sourceType="Key" workflowKey="AllMBODataType_type_FLOAT_attribKey" attribName="type_FLOAT" mboType="float"/>
                  <Value sourceType="Key" workflowKey="AllMBODataType_type_DOUBLE_attribKey" attribName="type_DOUBLE" mboType="double"/>
                  <Value sourceType="Key" workflowKey="AllMBODataType_type_BOOLEAN_attribKey" attribName="type_BOOLEAN" mboType="boolean"/>
                  <Value sourceType="Key" workflowKey="AllMBODataType_type_BINARY_attribKey" attribName="type_BINARY" mboType="binary"/>
                  <Value sourceType="Key" workflowKey="AllMBODataType_type_multi_attribKey" attribName="type_multi" mboType="string"/>
                </InputBinding>
              </Value>

            </InputBinding>
            <OutputBinding/>
          </Method>
        </Methods>
      </Action>
    </Actions>
    <Notifications>
        <Notification type="onEmailTriggered" targetscreen="AllMBODataType">
        <Methods>
          <Method name="findAll" type="search" mbo="AllMBODataType" package="projectfor21:1.0">
            <InputBinding opname="findAll" optype="none">

            </InputBinding>
            <OutputBinding generateOld="true">			    
                <Mapping workflowKey="AllMBODataType" workflowType="list" mboType="list">
                 <Mapping workflowKey="AllMBODataType_id_attribKey" workflowType="number" attribName="id" mboType="int"/>
                 <Mapping workflowKey="AllMBODataType_type_INT_attribKey" workflowType="number" attribName="type_INT" mboType="int"/>
                 <Mapping workflowKey="AllMBODataType_type_LONG_attribKey" workflowType="number" attribName="type_LONG" mboType="long"/>
                 <Mapping workflowKey="AllMBODataType_type_STRING_attribKey" workflowType="text" attribName="type_STRING" mboType="string"/>
                 <Mapping workflowKey="AllMBODataType_type_DATE_attribKey" workflowType="date" attribName="type_DATE" mboType="date"/>
                 <Mapping workflowKey="AllMBODataType_type_DATETIME_attribKey" workflowType="datetime" attribName="type_DATETIME" mboType="datetime"/>
                 <Mapping workflowKey="AllMBODataType_type_TIME_attribKey" workflowType="time" attribName="type_TIME" mboType="time"/>
                 <Mapping workflowKey="AllMBODataType_type_DECIMAL_attribKey" workflowType="number" attribName="type_DECIMAL" mboType="decimal"/>
                 <Mapping workflowKey="AllMBODataType_type_FLOAT_attribKey" workflowType="number" attribName="type_FLOAT" mboType="float"/>
                 <Mapping workflowKey="AllMBODataType_type_DOUBLE_attribKey" workflowType="number" attribName="type_DOUBLE" mboType="double"/>
                 <Mapping workflowKey="AllMBODataType_type_BOOLEAN_attribKey" workflowType="boolean" attribName="type_BOOLEAN" mboType="boolean"/>
                 <Mapping workflowKey="AllMBODataType_type_BINARY_attribKey" workflowType="text" attribName="type_BINARY" mboType="binary"/>
                 <Mapping workflowKey="AllMBODataType_type_multi_attribKey" workflowType="text" attribName="type_multi" mboType="string"/>
              </Mapping>

            </OutputBinding>

          </Method>
        </Methods>
      </Notification>
    </Notifications>
  </Triggers>
</Workflow>
        
