<?xml version="1.0" encoding="utf-8"?>
<Workflow xmlns:xsi="http://www.w3.org/2001/XMLSchema-instance" xsi:noNamespaceSchemaLocation="WorkflowClient.xsd" >
  <Globals>
    <DefaultScreens activation="" credentials=""/>
  </Globals>
  <Triggers> 
    <Actions>
      <Action name="Online Request" sourcescreen="Department1_create" targetscreen="" errorscreen="">
        <Methods>
          <Method type="replay" mbo="Department1" package="pro212:1.0" showCredScreenOnAuthFailure="true" >
            <InputBinding optype="create" opname="create" generateOld="false">
              <Value sourceType="Key" workflowKey="Department1_create_dept_id_paramKey" paramName="dept_id" attribName="dept_id" mboType="int"/>
              <Value sourceType="Key" workflowKey="Department1_create_dept_name_paramKey" paramName="dept_name" attribName="dept_name" mboType="string"/>
              <Value sourceType="Key" workflowKey="Department1_create_dept_head_id_paramKey" paramName="dept_head_id" attribName="dept_head_id" mboType="int"/>			    
                
            </InputBinding>
            <OutputBinding/>
          </Method>
        </Methods>
      </Action>
      <Action name="Online Request" sourcescreen="Department1_update_instance" targetscreen="" errorscreen="">
        <Methods>
          <Method type="replay" mbo="Department1" package="pro212:1.0" showCredScreenOnAuthFailure="true" >
            <InputBinding optype="update" opname="update" generateOld="true">
              <Value sourceType="Key" workflowKey="Department1_dept_name_attribKey" paramName="dept_name" attribName="dept_name" mboType="string"/>
              <Value sourceType="Key" workflowKey="Department1_dept_head_id_attribKey" paramName="dept_head_id" attribName="dept_head_id" mboType="int"/>
              <Value sourceType="Key" workflowKey="Department1_dept_id_attribKey" paramName="dept_id" attribName="dept_id" mboType="int"/>			    
                              <Value sourceType="Key" workflowKey="Department1_products_relationshipKey" relationShipName="products" mboType="list">
                <InputBinding actiontype="delete" optype="delete" opname="delete" generateOld="true">
                  <Value sourceType="Key" workflowKey="Product_id_attribKey" contextVariable="" paramName="id" attribName="id" mboType="int"/>
                  <Value sourceType="Key" workflowKey="Product_name_attribKey" contextVariable="" paramName="name" attribName="name" mboType="string"/>
                  <Value sourceType="Key" workflowKey="Product_description_attribKey" contextVariable="" paramName="description" attribName="description" mboType="string"/>
                  <Value sourceType="Key" workflowKey="Product_prod_size_attribKey" contextVariable="" paramName="prod_size" attribName="prod_size" mboType="string"/>
                  <Value sourceType="Key" workflowKey="Product_color_attribKey" contextVariable="" paramName="color" attribName="color" mboType="string"/>
                  <Value sourceType="Key" workflowKey="Product_quantity_attribKey" contextVariable="" paramName="quantity" attribName="quantity" mboType="int"/>
                  <Value sourceType="Key" workflowKey="Product_unit_price_attribKey" contextVariable="" paramName="unit_price" attribName="unit_price" mboType="decimal"/>
                  <Value sourceType="Key" workflowKey="Product_picture_name_attribKey" contextVariable="" paramName="picture_name" attribName="picture_name" mboType="string"/>
                </InputBinding>
                <InputBinding optype="none">
                  <Value sourceType="Key" workflowKey="Product_id_attribKey" attribName="id" mboType="int"/>
                  <Value sourceType="Key" workflowKey="Product_name_attribKey" attribName="name" mboType="string"/>
                  <Value sourceType="Key" workflowKey="Product_description_attribKey" attribName="description" mboType="string"/>
                  <Value sourceType="Key" workflowKey="Product_prod_size_attribKey" attribName="prod_size" mboType="string"/>
                  <Value sourceType="Key" workflowKey="Product_color_attribKey" attribName="color" mboType="string"/>
                  <Value sourceType="Key" workflowKey="Product_quantity_attribKey" attribName="quantity" mboType="int"/>
                  <Value sourceType="Key" workflowKey="Product_unit_price_attribKey" attribName="unit_price" mboType="decimal"/>
                  <Value sourceType="Key" workflowKey="Product_picture_name_attribKey" attribName="picture_name" mboType="string"/>
                  <Value sourceType="Key" workflowKey="Product_catalog_picture_attribKey" attribName="catalog_picture" mboType="bigbinary"/>
                </InputBinding>
                <InputBinding actiontype="update" optype="update" opname="update" generateOld="true">
                  <Value sourceType="Key" workflowKey="Product_name_attribKey" contextVariable="" paramName="name" attribName="name" mboType="string"/>
                  <Value sourceType="Key" workflowKey="Product_description_attribKey" contextVariable="" paramName="description" attribName="description" mboType="string"/>
                  <Value sourceType="Key" workflowKey="Product_prod_size_attribKey" contextVariable="" paramName="prod_size" attribName="prod_size" mboType="string"/>
                  <Value sourceType="Key" workflowKey="Product_color_attribKey" contextVariable="" paramName="color" attribName="color" mboType="string"/>
                  <Value sourceType="Key" workflowKey="Product_quantity_attribKey" contextVariable="" paramName="quantity" attribName="quantity" mboType="int"/>
                  <Value sourceType="Key" workflowKey="Product_unit_price_attribKey" contextVariable="" paramName="unit_price" attribName="unit_price" mboType="decimal"/>
                  <Value sourceType="Key" workflowKey="Product_picture_name_attribKey" contextVariable="" paramName="picture_name" attribName="picture_name" mboType="string"/>
                  <Value sourceType="Key" workflowKey="Product_catalog_picture_attribKey" contextVariable="" paramName="catalog_picture" attribName="catalog_picture" mboType="bigbinary"/>
                  <Value sourceType="Key" workflowKey="Product_id_attribKey" contextVariable="" paramName="id" attribName="id" mboType="int"/>
                </InputBinding>
                <InputBinding actiontype="create" optype="create" opname="create" generateOld="true">
                  <Value sourceType="Key" workflowKey="Product_id_attribKey" contextVariable="" paramName="id" attribName="id" mboType="int"/>
                  <Value sourceType="Key" workflowKey="Product_name_attribKey" contextVariable="" paramName="name" attribName="name" mboType="string"/>
                  <Value sourceType="Key" workflowKey="Product_description_attribKey" contextVariable="" paramName="description" attribName="description" mboType="string"/>
                  <Value sourceType="Key" workflowKey="Product_prod_size_attribKey" contextVariable="" paramName="prod_size" attribName="prod_size" mboType="string"/>
                  <Value sourceType="Key" workflowKey="Product_color_attribKey" contextVariable="" paramName="color" attribName="color" mboType="string"/>
                  <Value sourceType="Key" workflowKey="Product_quantity_attribKey" contextVariable="" paramName="quantity" attribName="quantity" mboType="int"/>
                  <Value sourceType="Key" workflowKey="Product_unit_price_attribKey" contextVariable="" paramName="unit_price" attribName="unit_price" mboType="decimal"/>
                  <Value sourceType="Key" workflowKey="Product_picture_name_attribKey" contextVariable="" paramName="picture_name" attribName="picture_name" mboType="string"/>
                  <Value sourceType="Key" workflowKey="Product_catalog_picture_attribKey" contextVariable="" paramName="catalog_picture" attribName="catalog_picture" mboType="bigbinary"/>
                </InputBinding>
              </Value>

            </InputBinding>
            <OutputBinding/>
          </Method>
        </Methods>
      </Action>
      <Action name="Online Request" sourcescreen="Department1_delete_instance" targetscreen="" errorscreen="">
        <Methods>
          <Method type="replay" mbo="Department1" package="pro212:1.0" showCredScreenOnAuthFailure="true" >
            <InputBinding optype="delete" opname="delete" generateOld="true">
              <Value sourceType="Key" workflowKey="Department1_dept_id_attribKey" paramName="dept_id" attribName="dept_id" mboType="int"/>
              <Value sourceType="Key" workflowKey="Department1_dept_name_attribKey" paramName="dept_name" attribName="dept_name" mboType="string"/>
              <Value sourceType="Key" workflowKey="Department1_dept_head_id_attribKey" paramName="dept_head_id" attribName="dept_head_id" mboType="int"/>			    
                              <Value sourceType="Key" workflowKey="Department1_products_relationshipKey" relationShipName="products" mboType="list">
                <InputBinding actiontype="delete" optype="delete" opname="delete" generateOld="true">
                  <Value sourceType="Key" workflowKey="Product_id_attribKey" contextVariable="" paramName="id" attribName="id" mboType="int"/>
                  <Value sourceType="Key" workflowKey="Product_name_attribKey" contextVariable="" paramName="name" attribName="name" mboType="string"/>
                  <Value sourceType="Key" workflowKey="Product_description_attribKey" contextVariable="" paramName="description" attribName="description" mboType="string"/>
                  <Value sourceType="Key" workflowKey="Product_prod_size_attribKey" contextVariable="" paramName="prod_size" attribName="prod_size" mboType="string"/>
                  <Value sourceType="Key" workflowKey="Product_color_attribKey" contextVariable="" paramName="color" attribName="color" mboType="string"/>
                  <Value sourceType="Key" workflowKey="Product_quantity_attribKey" contextVariable="" paramName="quantity" attribName="quantity" mboType="int"/>
                  <Value sourceType="Key" workflowKey="Product_unit_price_attribKey" contextVariable="" paramName="unit_price" attribName="unit_price" mboType="decimal"/>
                  <Value sourceType="Key" workflowKey="Product_picture_name_attribKey" contextVariable="" paramName="picture_name" attribName="picture_name" mboType="string"/>
                </InputBinding>
                <InputBinding optype="none">
                  <Value sourceType="Key" workflowKey="Product_id_attribKey" attribName="id" mboType="int"/>
                  <Value sourceType="Key" workflowKey="Product_name_attribKey" attribName="name" mboType="string"/>
                  <Value sourceType="Key" workflowKey="Product_description_attribKey" attribName="description" mboType="string"/>
                  <Value sourceType="Key" workflowKey="Product_prod_size_attribKey" attribName="prod_size" mboType="string"/>
                  <Value sourceType="Key" workflowKey="Product_color_attribKey" attribName="color" mboType="string"/>
                  <Value sourceType="Key" workflowKey="Product_quantity_attribKey" attribName="quantity" mboType="int"/>
                  <Value sourceType="Key" workflowKey="Product_unit_price_attribKey" attribName="unit_price" mboType="decimal"/>
                  <Value sourceType="Key" workflowKey="Product_picture_name_attribKey" attribName="picture_name" mboType="string"/>
                  <Value sourceType="Key" workflowKey="Product_catalog_picture_attribKey" attribName="catalog_picture" mboType="bigbinary"/>
                </InputBinding>
                <InputBinding actiontype="update" optype="update" opname="update" generateOld="true">
                  <Value sourceType="Key" workflowKey="Product_name_attribKey" contextVariable="" paramName="name" attribName="name" mboType="string"/>
                  <Value sourceType="Key" workflowKey="Product_description_attribKey" contextVariable="" paramName="description" attribName="description" mboType="string"/>
                  <Value sourceType="Key" workflowKey="Product_prod_size_attribKey" contextVariable="" paramName="prod_size" attribName="prod_size" mboType="string"/>
                  <Value sourceType="Key" workflowKey="Product_color_attribKey" contextVariable="" paramName="color" attribName="color" mboType="string"/>
                  <Value sourceType="Key" workflowKey="Product_quantity_attribKey" contextVariable="" paramName="quantity" attribName="quantity" mboType="int"/>
                  <Value sourceType="Key" workflowKey="Product_unit_price_attribKey" contextVariable="" paramName="unit_price" attribName="unit_price" mboType="decimal"/>
                  <Value sourceType="Key" workflowKey="Product_picture_name_attribKey" contextVariable="" paramName="picture_name" attribName="picture_name" mboType="string"/>
                  <Value sourceType="Key" workflowKey="Product_catalog_picture_attribKey" contextVariable="" paramName="catalog_picture" attribName="catalog_picture" mboType="bigbinary"/>
                  <Value sourceType="Key" workflowKey="Product_id_attribKey" contextVariable="" paramName="id" attribName="id" mboType="int"/>
                </InputBinding>
                <InputBinding actiontype="create" optype="create" opname="create" generateOld="true">
                  <Value sourceType="Key" workflowKey="Product_id_attribKey" contextVariable="" paramName="id" attribName="id" mboType="int"/>
                  <Value sourceType="Key" workflowKey="Product_name_attribKey" contextVariable="" paramName="name" attribName="name" mboType="string"/>
                  <Value sourceType="Key" workflowKey="Product_description_attribKey" contextVariable="" paramName="description" attribName="description" mboType="string"/>
                  <Value sourceType="Key" workflowKey="Product_prod_size_attribKey" contextVariable="" paramName="prod_size" attribName="prod_size" mboType="string"/>
                  <Value sourceType="Key" workflowKey="Product_color_attribKey" contextVariable="" paramName="color" attribName="color" mboType="string"/>
                  <Value sourceType="Key" workflowKey="Product_quantity_attribKey" contextVariable="" paramName="quantity" attribName="quantity" mboType="int"/>
                  <Value sourceType="Key" workflowKey="Product_unit_price_attribKey" contextVariable="" paramName="unit_price" attribName="unit_price" mboType="decimal"/>
                  <Value sourceType="Key" workflowKey="Product_picture_name_attribKey" contextVariable="" paramName="picture_name" attribName="picture_name" mboType="string"/>
                  <Value sourceType="Key" workflowKey="Product_catalog_picture_attribKey" contextVariable="" paramName="catalog_picture" attribName="catalog_picture" mboType="bigbinary"/>
                </InputBinding>
              </Value>

            </InputBinding>
            <OutputBinding/>
          </Method>
        </Methods>
      </Action>
      <Action name="Submit" sourcescreen="Department1Detail" targetscreen="" errorscreen="">
        <Methods>
          <Method type="replay" mbo="Department1" package="pro212:1.0" showCredScreenOnAuthFailure="true" >
            <InputBinding optype="none" generateOld="false">
              <Value sourceType="Key" workflowKey="Department1_dept_id_attribKey" attribName="dept_id" mboType="int"/>							
              <Value sourceType="Key" workflowKey="Department1_dept_name_attribKey" attribName="dept_name" mboType="string"/>							
              <Value sourceType="Key" workflowKey="Department1_dept_head_id_attribKey" attribName="dept_head_id" mboType="int"/>										    
                              <Value sourceType="Key" workflowKey="Department1_products_relationshipKey" relationShipName="products" mboType="list">
                <InputBinding actiontype="delete" optype="delete" opname="delete" generateOld="true">
                  <Value sourceType="Key" workflowKey="Product_id_attribKey" contextVariable="" paramName="id" attribName="id" mboType="int"/>
                  <Value sourceType="Key" workflowKey="Product_name_attribKey" contextVariable="" paramName="name" attribName="name" mboType="string"/>
                  <Value sourceType="Key" workflowKey="Product_description_attribKey" contextVariable="" paramName="description" attribName="description" mboType="string"/>
                  <Value sourceType="Key" workflowKey="Product_prod_size_attribKey" contextVariable="" paramName="prod_size" attribName="prod_size" mboType="string"/>
                  <Value sourceType="Key" workflowKey="Product_color_attribKey" contextVariable="" paramName="color" attribName="color" mboType="string"/>
                  <Value sourceType="Key" workflowKey="Product_quantity_attribKey" contextVariable="" paramName="quantity" attribName="quantity" mboType="int"/>
                  <Value sourceType="Key" workflowKey="Product_unit_price_attribKey" contextVariable="" paramName="unit_price" attribName="unit_price" mboType="decimal"/>
                  <Value sourceType="Key" workflowKey="Product_picture_name_attribKey" contextVariable="" paramName="picture_name" attribName="picture_name" mboType="string"/>
                </InputBinding>
                <InputBinding optype="none">
                  <Value sourceType="Key" workflowKey="Product_id_attribKey" attribName="id" mboType="int"/>
                  <Value sourceType="Key" workflowKey="Product_name_attribKey" attribName="name" mboType="string"/>
                  <Value sourceType="Key" workflowKey="Product_description_attribKey" attribName="description" mboType="string"/>
                  <Value sourceType="Key" workflowKey="Product_prod_size_attribKey" attribName="prod_size" mboType="string"/>
                  <Value sourceType="Key" workflowKey="Product_color_attribKey" attribName="color" mboType="string"/>
                  <Value sourceType="Key" workflowKey="Product_quantity_attribKey" attribName="quantity" mboType="int"/>
                  <Value sourceType="Key" workflowKey="Product_unit_price_attribKey" attribName="unit_price" mboType="decimal"/>
                  <Value sourceType="Key" workflowKey="Product_picture_name_attribKey" attribName="picture_name" mboType="string"/>
                  <Value sourceType="Key" workflowKey="Product_catalog_picture_attribKey" attribName="catalog_picture" mboType="bigbinary"/>
                </InputBinding>
                <InputBinding actiontype="update" optype="update" opname="update" generateOld="true">
                  <Value sourceType="Key" workflowKey="Product_name_attribKey" contextVariable="" paramName="name" attribName="name" mboType="string"/>
                  <Value sourceType="Key" workflowKey="Product_description_attribKey" contextVariable="" paramName="description" attribName="description" mboType="string"/>
                  <Value sourceType="Key" workflowKey="Product_prod_size_attribKey" contextVariable="" paramName="prod_size" attribName="prod_size" mboType="string"/>
                  <Value sourceType="Key" workflowKey="Product_color_attribKey" contextVariable="" paramName="color" attribName="color" mboType="string"/>
                  <Value sourceType="Key" workflowKey="Product_quantity_attribKey" contextVariable="" paramName="quantity" attribName="quantity" mboType="int"/>
                  <Value sourceType="Key" workflowKey="Product_unit_price_attribKey" contextVariable="" paramName="unit_price" attribName="unit_price" mboType="decimal"/>
                  <Value sourceType="Key" workflowKey="Product_picture_name_attribKey" contextVariable="" paramName="picture_name" attribName="picture_name" mboType="string"/>
                  <Value sourceType="Key" workflowKey="Product_catalog_picture_attribKey" contextVariable="" paramName="catalog_picture" attribName="catalog_picture" mboType="bigbinary"/>
                  <Value sourceType="Key" workflowKey="Product_id_attribKey" contextVariable="" paramName="id" attribName="id" mboType="int"/>
                </InputBinding>
                <InputBinding actiontype="create" optype="create" opname="create" generateOld="true">
                  <Value sourceType="Key" workflowKey="Product_id_attribKey" contextVariable="" paramName="id" attribName="id" mboType="int"/>
                  <Value sourceType="Key" workflowKey="Product_name_attribKey" contextVariable="" paramName="name" attribName="name" mboType="string"/>
                  <Value sourceType="Key" workflowKey="Product_description_attribKey" contextVariable="" paramName="description" attribName="description" mboType="string"/>
                  <Value sourceType="Key" workflowKey="Product_prod_size_attribKey" contextVariable="" paramName="prod_size" attribName="prod_size" mboType="string"/>
                  <Value sourceType="Key" workflowKey="Product_color_attribKey" contextVariable="" paramName="color" attribName="color" mboType="string"/>
                  <Value sourceType="Key" workflowKey="Product_quantity_attribKey" contextVariable="" paramName="quantity" attribName="quantity" mboType="int"/>
                  <Value sourceType="Key" workflowKey="Product_unit_price_attribKey" contextVariable="" paramName="unit_price" attribName="unit_price" mboType="decimal"/>
                  <Value sourceType="Key" workflowKey="Product_picture_name_attribKey" contextVariable="" paramName="picture_name" attribName="picture_name" mboType="string"/>
                  <Value sourceType="Key" workflowKey="Product_catalog_picture_attribKey" contextVariable="" paramName="catalog_picture" attribName="catalog_picture" mboType="bigbinary"/>
                </InputBinding>
              </Value>

            </InputBinding>
            <OutputBinding/>
          </Method>
        </Methods>
      </Action>
      <Action name="Submit" sourcescreen="Department1" targetscreen="" errorscreen="" asyncRequestErrorScreen="" errorNotificationSubjectLine="" errorNotificationFromLine="" asyncRequestErrorlogs="" asyncRequestErrorLogMessage="" asyncRequestErrorLogMessageAsList="">
        <Methods>
          <Method type="replay" mbo="Department1" package="pro212:1.0" showCredScreenOnAuthFailure="true" >
            <InputBinding optype="none" generateOld="false">			    
                              <Value sourceType="Key" workflowKey="Department1" mboType="list">
                <InputBinding optype="none">
                  <Value sourceType="Key" workflowKey="Department1_dept_id_attribKey" attribName="dept_id" mboType="int"/>
                  <Value sourceType="Key" workflowKey="Department1_dept_name_attribKey" attribName="dept_name" mboType="string"/>
                  <Value sourceType="Key" workflowKey="Department1_dept_head_id_attribKey" attribName="dept_head_id" mboType="int"/>
                  <Value sourceType="Key" workflowKey="Department1_products_relationshipKey" relationShipName="products" mboType="list">
                    <InputBinding actiontype="delete" optype="delete" opname="delete" generateOld="true">
                      <Value sourceType="Key" workflowKey="Product_id_attribKey" contextVariable="" paramName="id" attribName="id" mboType="int"/>
                      <Value sourceType="Key" workflowKey="Product_name_attribKey" contextVariable="" paramName="name" attribName="name" mboType="string"/>
                      <Value sourceType="Key" workflowKey="Product_description_attribKey" contextVariable="" paramName="description" attribName="description" mboType="string"/>
                      <Value sourceType="Key" workflowKey="Product_prod_size_attribKey" contextVariable="" paramName="prod_size" attribName="prod_size" mboType="string"/>
                      <Value sourceType="Key" workflowKey="Product_color_attribKey" contextVariable="" paramName="color" attribName="color" mboType="string"/>
                      <Value sourceType="Key" workflowKey="Product_quantity_attribKey" contextVariable="" paramName="quantity" attribName="quantity" mboType="int"/>
                      <Value sourceType="Key" workflowKey="Product_unit_price_attribKey" contextVariable="" paramName="unit_price" attribName="unit_price" mboType="decimal"/>
                      <Value sourceType="Key" workflowKey="Product_picture_name_attribKey" contextVariable="" paramName="picture_name" attribName="picture_name" mboType="string"/>
                    </InputBinding>
                    <InputBinding optype="none">
                      <Value sourceType="Key" workflowKey="Product_id_attribKey" attribName="id" mboType="int"/>
                      <Value sourceType="Key" workflowKey="Product_name_attribKey" attribName="name" mboType="string"/>
                      <Value sourceType="Key" workflowKey="Product_description_attribKey" attribName="description" mboType="string"/>
                      <Value sourceType="Key" workflowKey="Product_prod_size_attribKey" attribName="prod_size" mboType="string"/>
                      <Value sourceType="Key" workflowKey="Product_color_attribKey" attribName="color" mboType="string"/>
                      <Value sourceType="Key" workflowKey="Product_quantity_attribKey" attribName="quantity" mboType="int"/>
                      <Value sourceType="Key" workflowKey="Product_unit_price_attribKey" attribName="unit_price" mboType="decimal"/>
                      <Value sourceType="Key" workflowKey="Product_picture_name_attribKey" attribName="picture_name" mboType="string"/>
                      <Value sourceType="Key" workflowKey="Product_catalog_picture_attribKey" attribName="catalog_picture" mboType="bigbinary"/>
                    </InputBinding>
                    <InputBinding actiontype="update" optype="update" opname="update" generateOld="true">
                      <Value sourceType="Key" workflowKey="Product_name_attribKey" contextVariable="" paramName="name" attribName="name" mboType="string"/>
                      <Value sourceType="Key" workflowKey="Product_description_attribKey" contextVariable="" paramName="description" attribName="description" mboType="string"/>
                      <Value sourceType="Key" workflowKey="Product_prod_size_attribKey" contextVariable="" paramName="prod_size" attribName="prod_size" mboType="string"/>
                      <Value sourceType="Key" workflowKey="Product_color_attribKey" contextVariable="" paramName="color" attribName="color" mboType="string"/>
                      <Value sourceType="Key" workflowKey="Product_quantity_attribKey" contextVariable="" paramName="quantity" attribName="quantity" mboType="int"/>
                      <Value sourceType="Key" workflowKey="Product_unit_price_attribKey" contextVariable="" paramName="unit_price" attribName="unit_price" mboType="decimal"/>
                      <Value sourceType="Key" workflowKey="Product_picture_name_attribKey" contextVariable="" paramName="picture_name" attribName="picture_name" mboType="string"/>
                      <Value sourceType="Key" workflowKey="Product_catalog_picture_attribKey" contextVariable="" paramName="catalog_picture" attribName="catalog_picture" mboType="bigbinary"/>
                      <Value sourceType="Key" workflowKey="Product_id_attribKey" contextVariable="" paramName="id" attribName="id" mboType="int"/>
                    </InputBinding>
                    <InputBinding actiontype="create" optype="create" opname="create" generateOld="true">
                      <Value sourceType="Key" workflowKey="Product_id_attribKey" contextVariable="" paramName="id" attribName="id" mboType="int"/>
                      <Value sourceType="Key" workflowKey="Product_name_attribKey" contextVariable="" paramName="name" attribName="name" mboType="string"/>
                      <Value sourceType="Key" workflowKey="Product_description_attribKey" contextVariable="" paramName="description" attribName="description" mboType="string"/>
                      <Value sourceType="Key" workflowKey="Product_prod_size_attribKey" contextVariable="" paramName="prod_size" attribName="prod_size" mboType="string"/>
                      <Value sourceType="Key" workflowKey="Product_color_attribKey" contextVariable="" paramName="color" attribName="color" mboType="string"/>
                      <Value sourceType="Key" workflowKey="Product_quantity_attribKey" contextVariable="" paramName="quantity" attribName="quantity" mboType="int"/>
                      <Value sourceType="Key" workflowKey="Product_unit_price_attribKey" contextVariable="" paramName="unit_price" attribName="unit_price" mboType="decimal"/>
                      <Value sourceType="Key" workflowKey="Product_picture_name_attribKey" contextVariable="" paramName="picture_name" attribName="picture_name" mboType="string"/>
                      <Value sourceType="Key" workflowKey="Product_catalog_picture_attribKey" contextVariable="" paramName="catalog_picture" attribName="catalog_picture" mboType="bigbinary"/>
                    </InputBinding>
                  </Value>
                </InputBinding>
              </Value>

            </InputBinding>
            <OutputBinding/>
          </Method>
        </Methods>
      </Action>
    </Actions>
    <Notifications>
        <Notification type="onEmailTriggered" targetscreen="Department1" asyncRequestErrorScreen="" errorNotificationSubjectLine="" errorNotificationFromLine="" asyncRequestErrorlogs="" asyncRequestErrorLogMessage="" asyncRequestErrorLogMessageAsList="">
        <Methods>
          <Method name="findAll" type="search" mbo="Department1" package="pro212:1.0">
            <InputBinding opname="findAll" optype="none">

            </InputBinding>
            <OutputBinding generateOld="true">			    
                <Mapping workflowKey="Department1" workflowType="list" mboType="list">
                 <Mapping workflowKey="Department1_dept_id_attribKey" workflowType="number" attribName="dept_id" mboType="int"/>
                 <Mapping workflowKey="Department1_dept_name_attribKey" workflowType="text" attribName="dept_name" mboType="string"/>
                 <Mapping workflowKey="Department1_dept_head_id_attribKey" workflowType="number" attribName="dept_head_id" mboType="int"/>
                 <Mapping workflowKey="Department1_products_relationshipKey" workflowType="list" relationShipName="products" mboType="list">
                   <Mapping workflowKey="Product_id_attribKey" workflowType="number" attribName="id" mboType="int"/>
                   <Mapping workflowKey="Product_name_attribKey" workflowType="text" attribName="name" mboType="string"/>
                   <Mapping workflowKey="Product_description_attribKey" workflowType="text" attribName="description" mboType="string"/>
                   <Mapping workflowKey="Product_prod_size_attribKey" workflowType="text" attribName="prod_size" mboType="string"/>
                   <Mapping workflowKey="Product_color_attribKey" workflowType="text" attribName="color" mboType="string"/>
                   <Mapping workflowKey="Product_quantity_attribKey" workflowType="number" attribName="quantity" mboType="int"/>
                   <Mapping workflowKey="Product_unit_price_attribKey" workflowType="number" attribName="unit_price" mboType="decimal"/>
                   <Mapping workflowKey="Product_picture_name_attribKey" workflowType="text" attribName="picture_name" mboType="string"/>
                   <Mapping workflowKey="Product_catalog_picture_attribKey" workflowType="text" attribName="catalog_picture" mboType="bigbinary"/>
                 </Mapping>
              </Mapping>

            </OutputBinding>

          </Method>
        </Methods>
      </Notification>
    </Notifications>
  </Triggers>
</Workflow>
        
