<?xml version="1.0" encoding="utf-8"?>
<Workflow xmlns:xsi="http://www.w3.org/2001/XMLSchema-instance" xsi:noNamespaceSchemaLocation="WorkflowClient.xsd" >
  <Globals>
    <DefaultScreens activation="" credentials=""/>
  </Globals>
  <Triggers> 
    <Actions>
      <Action name="Submit Workflow" sourcescreen="Sort1Object_sort" targetscreen="Start_Screen" errorscreen="ErrorList" errorlogskey="ErrorLogs" errorlogmessagekey="ErrorLogMessage" errorlogmessageaslistkey="ErrorLogMessageAsList">
        <Methods>
          <Method type="replay" mbo="Sort1ObjectSortOperation" package="Project:1.0" showCredScreenOnAuthFailure="true" >
            <InputBinding optype="other" opname="sort" generateOld="false">
                      <Value sourceType="Key" workflowKey="Sort1Object_sort_arg0_paramKey" paramName="arg0" mboType="structure" array="true">
                      </Value>			    
                
            </InputBinding>
            <OutputBinding/>
          </Method>
        </Methods>
      </Action>
    </Actions>
    <Notifications>
    </Notifications>
  </Triggers>
</Workflow>
        
