<?xml version="1.0" encoding="utf-8"?>
<Workflow xmlns:xsi="http://www.w3.org/2001/XMLSchema-instance" xsi:noNamespaceSchemaLocation="WorkflowClient.xsd" >
  <Globals>
    <DefaultScreens activation="" credentials=""/>
  </Globals>
  <Triggers> 
    <Actions>
      <Action name="FindAll" sourcescreen="Start_Screen" targetscreen="Sort" errorscreen="">
        <Methods>
          <Method name="findAll" type="search" mbo="Sort" package="m:1.0" showCredScreenOnAuthFailure="true" >
            <InputBinding optype="none" opname="findAll" generateOld="false">
            </InputBinding>
            <OutputBinding generateOld="true">			    
              <Mapping workflowKey="Sort" workflowType="list" mboType="list">
                 <Mapping workflowKey="Sort_return1_attribKey" workflowType="text" attribName="return1" mboType="string"/>
              </Mapping>

            </OutputBinding>
          </Method>
        </Methods>
      </Action>
      <Action name="Submit" sourcescreen="Sort" targetscreen="" errorscreen="" asyncRequestErrorScreen="" errorNotificationSubjectLine="" errorNotificationFromLine="" asyncRequestErrorlogs="" asyncRequestErrorLogMessage="" asyncRequestErrorLogMessageAsList="">
        <Methods>
          <Method type="replay" mbo="Sort" package="m:1.0" showCredScreenOnAuthFailure="true" >
            <InputBinding optype="none" generateOld="false">			    
                              <Value sourceType="Key" workflowKey="Sort" mboType="list">
                <InputBinding optype="none">
                  <Value sourceType="Key" workflowKey="Sort_return1_attribKey" attribName="return1" mboType="string"/>
                </InputBinding>
              </Value>

            </InputBinding>
            <OutputBinding/>
          </Method>
        </Methods>
      </Action>
    </Actions>
    <Notifications>
    </Notifications>
  </Triggers>
</Workflow>
        
