<?xml version="1.0" encoding="utf-8"?>
<Workflow xmlns:xsi="http://www.w3.org/2001/XMLSchema-instance" xsi:noNamespaceSchemaLocation="WorkflowClient.xsd" >
  <Globals>
    <DefaultScreens activation="" credentials=""/>
  </Globals>
  <Triggers> 
    <Actions>
      <Action name="findonlineque" sourcescreen="Start_Screen" targetscreen="Departmentonline21" errorscreen="">
        <Methods>
          <Method name="findByParameter" type="search" mbo="Departmentonline21" package="projectfor21:1.0" showCredScreenOnAuthFailure="true" >
            <InputBinding optype="none" opname="findByParameter" generateOld="false">
              <Value sourceType="Key" workflowKey="item21" paramName="dept_id" attribName="dept_id" mboType="int"/>
            </InputBinding>
            <OutputBinding generateOld="true">			    
              <Mapping workflowKey="Departmentonline21" workflowType="list" mboType="list">
                 <Mapping workflowKey="Departmentonline21_dept_id_attribKey" workflowType="number" attribName="dept_id" mboType="int"/>
                 <Mapping workflowKey="Departmentonline21_dept_name_attribKey" workflowType="text" attribName="dept_name" mboType="string"/>
                 <Mapping workflowKey="Departmentonline21_dept_head_id_attribKey" workflowType="number" attribName="dept_head_id" mboType="int"/>
              </Mapping>

            </OutputBinding>
          </Method>
        </Methods>
      </Action>
      <Action name="Online Request" sourcescreen="Departmentonline21_update_instance" targetscreen="" errorscreen="">
        <Methods>
          <Method type="replay" mbo="Departmentonline21" package="projectfor21:1.0" showCredScreenOnAuthFailure="true" >
            <InputBinding optype="update" opname="update" generateOld="true">
              <Value sourceType="Key" workflowKey="Departmentonline21_dept_name_attribKey" paramName="dept_name" attribName="dept_name" mboType="string"/>
              <Value sourceType="Key" workflowKey="Departmentonline21_dept_head_id_attribKey" paramName="dept_head_id" attribName="dept_head_id" mboType="int"/>
              <Value sourceType="Key" workflowKey="Departmentonline21_dept_id_attribKey" paramName="dept_id" attribName="dept_id" mboType="int"/>			    
                
            </InputBinding>
            <OutputBinding/>
          </Method>
        </Methods>
      </Action>
      <Action name="Online Request" sourcescreen="Departmentonline21_delete_instance" targetscreen="" errorscreen="">
        <Methods>
          <Method type="replay" mbo="Departmentonline21" package="projectfor21:1.0" showCredScreenOnAuthFailure="true" >
            <InputBinding optype="delete" opname="delete" generateOld="true">
              <Value sourceType="Key" workflowKey="Departmentonline21_dept_id_attribKey" paramName="dept_id" attribName="dept_id" mboType="int"/>			    
                
            </InputBinding>
            <OutputBinding/>
          </Method>
        </Methods>
      </Action>
      <Action name="Submit" sourcescreen="Departmentonline21" targetscreen="" errorscreen="">
        <Methods>
          <Method type="replay" mbo="Departmentonline21" package="projectfor21:1.0" showCredScreenOnAuthFailure="true" >
            <InputBinding optype="none" generateOld="false">			    
                              <Value sourceType="Key" workflowKey="Departmentonline21" mboType="list">
                <InputBinding optype="none">
                  <Value sourceType="Key" workflowKey="Departmentonline21_dept_id_attribKey" attribName="dept_id" mboType="int"/>
                  <Value sourceType="Key" workflowKey="Departmentonline21_dept_name_attribKey" attribName="dept_name" mboType="string"/>
                  <Value sourceType="Key" workflowKey="Departmentonline21_dept_head_id_attribKey" attribName="dept_head_id" mboType="int"/>
                </InputBinding>
              </Value>

            </InputBinding>
            <OutputBinding/>
          </Method>
        </Methods>
      </Action>
    </Actions>
    <Notifications>
    </Notifications>
  </Triggers>
</Workflow>
        
