<?xml version="1.0" encoding="utf-8"?>
<Workflow xmlns:xsi="http://www.w3.org/2001/XMLSchema-instance" xsi:noNamespaceSchemaLocation="WorkflowClient.xsd" >
  <Globals>
    <DefaultScreens activation="Activate_Screen" credentials="Credential_Request_Screen"/>
  </Globals>
  <Triggers> 
    <Actions>
      <Action name="activate" sourcescreen="Activate_Screen" targetscreen="" errorscreen="">
        <Methods>
          <Method type="replay" mbo="Department" package="pro20:1.0" >
            <InputBinding optype="none" generateOld="false">
            </InputBinding>
            <OutputBinding/>
          </Method>
        </Methods>
      </Action>
      <Action name="Submit_Workflow" sourcescreen="Department_create" targetscreen="" errorscreen="">
        <Methods>
          <Method type="replay" mbo="Department" package="pro20:1.0" >
            <InputBinding optype="create" opname="create" generateOld="false">
              <Value sourceType="Key" workflowKey="Department_create_dept_id_paramKey" paramName="dept_id" attribName="dept_id" mboType="int"/>
              <Value sourceType="Key" workflowKey="Department_create_dept_name_paramKey" paramName="dept_name" attribName="dept_name" mboType="string"/>
              <Value sourceType="Key" workflowKey="Department_create_dept_head_id_paramKey" paramName="dept_head_id" attribName="dept_head_id" mboType="int"/>
            </InputBinding>
            <OutputBinding/>
          </Method>
        </Methods>
      </Action>
    </Actions>
    <Notifications>
    </Notifications>
  </Triggers>
</Workflow>
        
