<?xml version="1.0" encoding="utf-8"?>
<Manifest xmlns:xsi="http://www.w3.org/2001/XMLSchema-instance" xsi:noNamespaceSchemaLocation="AMPManifest.xsd">
  <ModuleName>crud2</ModuleName>
  <ModuleVersion>1</ModuleVersion>
  <ModuleDesc>null</ModuleDesc>
  <ModuleDisplayName>crud2</ModuleDisplayName>
  <ClientIconIndex>48</ClientIconIndex>
  <InvokeOnClient>1</InvokeOnClient>
  <PersistAppDomain>1</PersistAppDomain>
  <MarkProcessedMessages>0</MarkProcessedMessages>
  <DeleteProcessedMessages>0</DeleteProcessedMessages>
  <ProcessUpdates>1</ProcessUpdates>
  <CredentialsCache key="crud2_credentials">1</CredentialsCache>
  <RequiresActivation>1</RequiresActivation>

  <TransformPlugin>
    <File shared="true">WorkflowClient.dll</File>
    <Class>Sybase.UnwiredPlatform.WorkflowClient.Transformer</Class>
  </TransformPlugin>

  <ResponsePlugin>
    <File shared="true">WorkflowClient.dll</File>
    <Class>Sybase.UnwiredPlatform.WorkflowClient.Responder</Class>
  </ResponsePlugin>

  <ClientWorkflows>
    <WindowsMobileProfessional>
      <HTMLWorkflow>
        <File>crud2.xml</File>
        <HtmlFiles>        
          <HtmlFile>html/css/Stylesheet.css</HtmlFile>        
          <HtmlFile>html/js/API.js</HtmlFile>        
          <HtmlFile>html/js/Callbacks.js</HtmlFile>        
          <HtmlFile>html/js/Camera.js</HtmlFile>        
          <HtmlFile>html/js/Certificate.js</HtmlFile>        
          <HtmlFile>html/js/Custom.js</HtmlFile>        
          <HtmlFile>html/js/ExternalResource.js</HtmlFile>        
          <HtmlFile>html/js/json2.js</HtmlFile>        
          <HtmlFile>html/js/Resources.js</HtmlFile>        
          <HtmlFile>html/js/SUPStorage.js</HtmlFile>        
          <HtmlFile>html/js/Timezone.js</HtmlFile>        
          <HtmlFile>html/js/Utils.js</HtmlFile>        
          <HtmlFile>html/js/Workflow.js</HtmlFile>        
          <HtmlFile>html/js/WorkflowMessage.js</HtmlFile>        
          <HtmlFile>html/workflow.html</HtmlFile>          
        </HtmlFiles>
        <CredentialScreen>Credential_Request_Screen</CredentialScreen>
        <ActivationScreen>Activate_Screen</ActivationScreen>
      </HTMLWorkflow>
    </WindowsMobileProfessional>
    <BlackBerry>
      <HTMLWorkflow>
        <File>crud2_CustomLookAndFeel.xml</File>
        <HtmlFiles>        
          <HtmlFile>html/css/bb/checkbox.css</HtmlFile>        
          <HtmlFile>html/css/bb/datepicker.css</HtmlFile>        
          <HtmlFile>html/css/bb/editBox.css</HtmlFile>        
          <HtmlFile>html/css/bb/img/btn_check_off.png</HtmlFile>        
          <HtmlFile>html/css/bb/img/btn_check_on.png</HtmlFile>        
          <HtmlFile>html/css/bb/img/btn_radio_off.png</HtmlFile>        
          <HtmlFile>html/css/bb/img/btn_radio_on.png</HtmlFile>        
          <HtmlFile>html/css/bb/img/buttonbackground.png</HtmlFile>        
          <HtmlFile>html/css/bb/img/datepickerbackground.png</HtmlFile>        
          <HtmlFile>html/css/bb/img/dateTextbackground.png</HtmlFile>        
          <HtmlFile>html/css/bb/img/datetimepickerbackground.png</HtmlFile>        
          <HtmlFile>html/css/bb/img/downButton.png</HtmlFile>        
          <HtmlFile>html/css/bb/img/ic_dialog_menu_generic.png</HtmlFile>        
          <HtmlFile>html/css/bb/img/ic_menu_attachment.png</HtmlFile>        
          <HtmlFile>html/css/bb/img/inputBackground.png</HtmlFile>        
          <HtmlFile>html/css/bb/img/select_background.png</HtmlFile>        
          <HtmlFile>html/css/bb/img/select_dropdown.png</HtmlFile>        
          <HtmlFile>html/css/bb/img/select_title_bg.png</HtmlFile>        
          <HtmlFile>html/css/bb/img/tinyDownArrow.png</HtmlFile>        
          <HtmlFile>html/css/bb/img/tinyUpArrow.png</HtmlFile>        
          <HtmlFile>html/css/bb/img/upButton.png</HtmlFile>        
          <HtmlFile>html/css/bb/img/verticalBarbg.png</HtmlFile>        
          <HtmlFile>html/css/bb/listview.css</HtmlFile>        
          <HtmlFile>html/css/bb/master.css</HtmlFile>        
          <HtmlFile>html/css/bb/radiobutton.css</HtmlFile>        
          <HtmlFile>html/css/bb/Stylesheet.css</HtmlFile>        
          <HtmlFile>html/css/bb/valuepicker.css</HtmlFile>        
          <HtmlFile>html/css/Stylesheet.css</HtmlFile>        
          <HtmlFile>html/js/API.js</HtmlFile>        
          <HtmlFile>html/js/Callbacks.js</HtmlFile>        
          <HtmlFile>html/js/Camera.js</HtmlFile>        
          <HtmlFile>html/js/Certificate.js</HtmlFile>        
          <HtmlFile>html/js/Custom.js</HtmlFile>        
          <HtmlFile>html/js/ExternalResource.js</HtmlFile>        
          <HtmlFile>html/js/json2.js</HtmlFile>        
          <HtmlFile>html/js/Resources.js</HtmlFile>        
          <HtmlFile>html/js/SUPStorage.js</HtmlFile>        
          <HtmlFile>html/js/Timezone.js</HtmlFile>        
          <HtmlFile>html/js/Utils.js</HtmlFile>        
          <HtmlFile>html/js/widgets/sy.ui.android.checkbox.js</HtmlFile>        
          <HtmlFile>html/js/widgets/sy.ui.android.combobox.js</HtmlFile>        
          <HtmlFile>html/js/widgets/sy.ui.android.listview.js</HtmlFile>        
          <HtmlFile>html/js/widgets/sy.ui.android.radiobutton.js</HtmlFile>        
          <HtmlFile>html/js/widgets/sy.ui.bb.picker.js</HtmlFile>        
          <HtmlFile>html/js/widgets/sy.ui.bb.textbox.js</HtmlFile>        
          <HtmlFile>html/js/widgets/sy.ui.js</HtmlFile>        
          <HtmlFile>html/js/Workflow.js</HtmlFile>        
          <HtmlFile>html/js/WorkflowMessage.js</HtmlFile>        
          <HtmlFile>html/workflow.html</HtmlFile>        
          <HtmlFile>html/workflow_CustomLookAndFeel.html</HtmlFile>        
          <HtmlFile>html/workflow_jQueryMobileLookAndFeel.html</HtmlFile>
        </HtmlFiles>
        <CredentialScreen>Credential_Request_Screen</CredentialScreen>
        <ActivationScreen>Activate_Screen</ActivationScreen>
      </HTMLWorkflow>
    </BlackBerry>
    <BlackBerry6>
      <HTMLWorkflow>
        <File>crud2_jQueryMobileLookAndFeel.xml</File>
        <HtmlFiles>        
          <HtmlFile>html/css/iphone/actionSheet.css</HtmlFile>        
          <HtmlFile>html/css/iphone/customButton.css</HtmlFile>        
          <HtmlFile>html/css/iphone/images/sw-alpha.png</HtmlFile>        
          <HtmlFile>html/css/iphone/images/sw-button-cancel.png</HtmlFile>        
          <HtmlFile>html/css/iphone/images/sw-button-done.png</HtmlFile>        
          <HtmlFile>html/css/iphone/images/sw-header.png</HtmlFile>        
          <HtmlFile>html/css/iphone/images/sw-slot-border.png</HtmlFile>        
          <HtmlFile>html/css/iphone/listview.css</HtmlFile>        
          <HtmlFile>html/css/iphone/picker.css</HtmlFile>        
          <HtmlFile>html/css/iphone/signature.css</HtmlFile>        
          <HtmlFile>html/css/iphone/Stylesheet.css</HtmlFile>        
          <HtmlFile>html/css/jquery/images/ajax-loader.png</HtmlFile>        
          <HtmlFile>html/css/jquery/images/form-check-off.png</HtmlFile>        
          <HtmlFile>html/css/jquery/images/form-check-on.png</HtmlFile>        
          <HtmlFile>html/css/jquery/images/form-radio-off.png</HtmlFile>        
          <HtmlFile>html/css/jquery/images/form-radio-on.png</HtmlFile>        
          <HtmlFile>html/css/jquery/images/icon-arrow-white-down.png</HtmlFile>        
          <HtmlFile>html/css/jquery/images/icon-arrow-white-left.png</HtmlFile>        
          <HtmlFile>html/css/jquery/images/icon-arrow-white-right.png</HtmlFile>        
          <HtmlFile>html/css/jquery/images/icon-arrow-white-up.png</HtmlFile>        
          <HtmlFile>html/css/jquery/images/icon-delete.png</HtmlFile>        
          <HtmlFile>html/css/jquery/images/icon-minus-white.png</HtmlFile>        
          <HtmlFile>html/css/jquery/images/icon-plus-white.png</HtmlFile>        
          <HtmlFile>html/css/jquery/images/icon-search-black.png</HtmlFile>        
          <HtmlFile>html/css/jquery/images/icons-18-black.png</HtmlFile>        
          <HtmlFile>html/css/jquery/images/icons-18-white.png</HtmlFile>        
          <HtmlFile>html/css/jquery/images/icons-36-black.png</HtmlFile>        
          <HtmlFile>html/css/jquery/images/icons-36-white.png</HtmlFile>        
          <HtmlFile>html/css/jquery/jquery.mobile-1.0a4.1.css</HtmlFile>        
          <HtmlFile>html/css/jquery/jquery.mobile.fix.css</HtmlFile>        
          <HtmlFile>html/css/Stylesheet.css</HtmlFile>        
          <HtmlFile>html/js/API.js</HtmlFile>        
          <HtmlFile>html/js/Callbacks.js</HtmlFile>        
          <HtmlFile>html/js/Camera.js</HtmlFile>        
          <HtmlFile>html/js/Certificate.js</HtmlFile>        
          <HtmlFile>html/js/Custom.js</HtmlFile>        
          <HtmlFile>html/js/ExternalResource.js</HtmlFile>        
          <HtmlFile>html/js/jquery/jquery-1.5.2.js</HtmlFile>        
          <HtmlFile>html/js/jquery/jquery.mobile-1.0a4.1.js</HtmlFile>        
          <HtmlFile>html/js/json2.js</HtmlFile>        
          <HtmlFile>html/js/Resources.js</HtmlFile>        
          <HtmlFile>html/js/SUPStorage.js</HtmlFile>        
          <HtmlFile>html/js/Timezone.js</HtmlFile>        
          <HtmlFile>html/js/Utils.js</HtmlFile>        
          <HtmlFile>html/js/widgets/sy.ui.iphone.customButton.js</HtmlFile>        
          <HtmlFile>html/js/widgets/sy.ui.iphone.iscroll.js</HtmlFile>        
          <HtmlFile>html/js/widgets/sy.ui.iphone.listview.js</HtmlFile>        
          <HtmlFile>html/js/widgets/sy.ui.iphone.menus.js</HtmlFile>        
          <HtmlFile>html/js/widgets/sy.ui.iphone.picker.js</HtmlFile>        
          <HtmlFile>html/js/widgets/sy.ui.iphone.signature.js</HtmlFile>        
          <HtmlFile>html/js/widgets/sy.ui.iphone.util.js</HtmlFile>        
          <HtmlFile>html/js/widgets/sy.ui.js</HtmlFile>        
          <HtmlFile>html/js/Workflow.js</HtmlFile>        
          <HtmlFile>html/js/WorkflowMessage.js</HtmlFile>        
          <HtmlFile>html/workflow.html</HtmlFile>        
          <HtmlFile>html/workflow_CustomLookAndFeel.html</HtmlFile>        
          <HtmlFile>html/workflow_jQueryMobileLookAndFeel.html</HtmlFile>        
        </HtmlFiles>
        <CredentialScreen>Credential_Request_Screen</CredentialScreen>
        <ActivationScreen>Activate_Screen</ActivationScreen>
      </HTMLWorkflow>
    </BlackBerry6>
    <Android>
      <HTMLWorkflow>
        <File>crud2_jQueryMobileLookAndFeel.xml</File>
        <HtmlFiles>        
          <HtmlFile>html/css/iphone/actionSheet.css</HtmlFile>        
          <HtmlFile>html/css/iphone/customButton.css</HtmlFile>        
          <HtmlFile>html/css/iphone/images/sw-alpha.png</HtmlFile>        
          <HtmlFile>html/css/iphone/images/sw-button-cancel.png</HtmlFile>        
          <HtmlFile>html/css/iphone/images/sw-button-done.png</HtmlFile>        
          <HtmlFile>html/css/iphone/images/sw-header.png</HtmlFile>        
          <HtmlFile>html/css/iphone/images/sw-slot-border.png</HtmlFile>        
          <HtmlFile>html/css/iphone/listview.css</HtmlFile>        
          <HtmlFile>html/css/iphone/picker.css</HtmlFile>        
          <HtmlFile>html/css/iphone/signature.css</HtmlFile>        
          <HtmlFile>html/css/iphone/Stylesheet.css</HtmlFile>        
          <HtmlFile>html/css/jquery/images/ajax-loader.png</HtmlFile>        
          <HtmlFile>html/css/jquery/images/form-check-off.png</HtmlFile>        
          <HtmlFile>html/css/jquery/images/form-check-on.png</HtmlFile>        
          <HtmlFile>html/css/jquery/images/form-radio-off.png</HtmlFile>        
          <HtmlFile>html/css/jquery/images/form-radio-on.png</HtmlFile>        
          <HtmlFile>html/css/jquery/images/icon-arrow-white-down.png</HtmlFile>        
          <HtmlFile>html/css/jquery/images/icon-arrow-white-left.png</HtmlFile>        
          <HtmlFile>html/css/jquery/images/icon-arrow-white-right.png</HtmlFile>        
          <HtmlFile>html/css/jquery/images/icon-arrow-white-up.png</HtmlFile>        
          <HtmlFile>html/css/jquery/images/icon-delete.png</HtmlFile>        
          <HtmlFile>html/css/jquery/images/icon-minus-white.png</HtmlFile>        
          <HtmlFile>html/css/jquery/images/icon-plus-white.png</HtmlFile>        
          <HtmlFile>html/css/jquery/images/icon-search-black.png</HtmlFile>        
          <HtmlFile>html/css/jquery/images/icons-18-black.png</HtmlFile>        
          <HtmlFile>html/css/jquery/images/icons-18-white.png</HtmlFile>        
          <HtmlFile>html/css/jquery/images/icons-36-black.png</HtmlFile>        
          <HtmlFile>html/css/jquery/images/icons-36-white.png</HtmlFile>        
          <HtmlFile>html/css/jquery/jquery.mobile-1.0a4.1.css</HtmlFile>        
          <HtmlFile>html/css/jquery/jquery.mobile.fix.css</HtmlFile>        
          <HtmlFile>html/css/Stylesheet.css</HtmlFile>        
          <HtmlFile>html/js/API.js</HtmlFile>        
          <HtmlFile>html/js/Callbacks.js</HtmlFile>        
          <HtmlFile>html/js/Camera.js</HtmlFile>        
          <HtmlFile>html/js/Certificate.js</HtmlFile>        
          <HtmlFile>html/js/Custom.js</HtmlFile>        
          <HtmlFile>html/js/ExternalResource.js</HtmlFile>        
          <HtmlFile>html/js/jquery/jquery-1.5.2.js</HtmlFile>        
          <HtmlFile>html/js/jquery/jquery.mobile-1.0a4.1.js</HtmlFile>        
          <HtmlFile>html/js/json2.js</HtmlFile>        
          <HtmlFile>html/js/Resources.js</HtmlFile>        
          <HtmlFile>html/js/SUPStorage.js</HtmlFile>        
          <HtmlFile>html/js/Timezone.js</HtmlFile>        
          <HtmlFile>html/js/Utils.js</HtmlFile>        
          <HtmlFile>html/js/widgets/sy.ui.iphone.customButton.js</HtmlFile>        
          <HtmlFile>html/js/widgets/sy.ui.iphone.iscroll.js</HtmlFile>        
          <HtmlFile>html/js/widgets/sy.ui.iphone.listview.js</HtmlFile>        
          <HtmlFile>html/js/widgets/sy.ui.iphone.menus.js</HtmlFile>        
          <HtmlFile>html/js/widgets/sy.ui.iphone.picker.js</HtmlFile>        
          <HtmlFile>html/js/widgets/sy.ui.iphone.signature.js</HtmlFile>        
          <HtmlFile>html/js/widgets/sy.ui.iphone.util.js</HtmlFile>        
          <HtmlFile>html/js/widgets/sy.ui.js</HtmlFile>        
          <HtmlFile>html/js/Workflow.js</HtmlFile>        
          <HtmlFile>html/js/WorkflowMessage.js</HtmlFile>        
          <HtmlFile>html/workflow.html</HtmlFile>        
          <HtmlFile>html/workflow_CustomLookAndFeel.html</HtmlFile>        
          <HtmlFile>html/workflow_jQueryMobileLookAndFeel.html</HtmlFile>        
        </HtmlFiles>
        <CredentialScreen>Credential_Request_Screen</CredentialScreen>
        <ActivationScreen>Activate_Screen</ActivationScreen>
      </HTMLWorkflow>
    </Android>
    
    <iPhone>
      <HTMLWorkflow>
        <File>crud2_jQueryMobileLookAndFeel.xml</File>
        <HtmlFiles>        
          <HtmlFile>html/css/iphone/actionSheet.css</HtmlFile>        
          <HtmlFile>html/css/iphone/customButton.css</HtmlFile>        
          <HtmlFile>html/css/iphone/images/sw-alpha.png</HtmlFile>        
          <HtmlFile>html/css/iphone/images/sw-button-cancel.png</HtmlFile>        
          <HtmlFile>html/css/iphone/images/sw-button-done.png</HtmlFile>        
          <HtmlFile>html/css/iphone/images/sw-header.png</HtmlFile>        
          <HtmlFile>html/css/iphone/images/sw-slot-border.png</HtmlFile>        
          <HtmlFile>html/css/iphone/listview.css</HtmlFile>        
          <HtmlFile>html/css/iphone/picker.css</HtmlFile>        
          <HtmlFile>html/css/iphone/signature.css</HtmlFile>        
          <HtmlFile>html/css/iphone/Stylesheet.css</HtmlFile>        
          <HtmlFile>html/css/jquery/images/ajax-loader.png</HtmlFile>        
          <HtmlFile>html/css/jquery/images/form-check-off.png</HtmlFile>        
          <HtmlFile>html/css/jquery/images/form-check-on.png</HtmlFile>        
          <HtmlFile>html/css/jquery/images/form-radio-off.png</HtmlFile>        
          <HtmlFile>html/css/jquery/images/form-radio-on.png</HtmlFile>        
          <HtmlFile>html/css/jquery/images/icon-arrow-white-down.png</HtmlFile>        
          <HtmlFile>html/css/jquery/images/icon-arrow-white-left.png</HtmlFile>        
          <HtmlFile>html/css/jquery/images/icon-arrow-white-right.png</HtmlFile>        
          <HtmlFile>html/css/jquery/images/icon-arrow-white-up.png</HtmlFile>        
          <HtmlFile>html/css/jquery/images/icon-delete.png</HtmlFile>        
          <HtmlFile>html/css/jquery/images/icon-minus-white.png</HtmlFile>        
          <HtmlFile>html/css/jquery/images/icon-plus-white.png</HtmlFile>        
          <HtmlFile>html/css/jquery/images/icon-search-black.png</HtmlFile>        
          <HtmlFile>html/css/jquery/images/icons-18-black.png</HtmlFile>        
          <HtmlFile>html/css/jquery/images/icons-18-white.png</HtmlFile>        
          <HtmlFile>html/css/jquery/images/icons-36-black.png</HtmlFile>        
          <HtmlFile>html/css/jquery/images/icons-36-white.png</HtmlFile>        
          <HtmlFile>html/css/jquery/jquery.mobile-1.0a4.1.css</HtmlFile>        
          <HtmlFile>html/css/jquery/jquery.mobile.fix.css</HtmlFile>        
          <HtmlFile>html/css/Stylesheet.css</HtmlFile>        
          <HtmlFile>html/js/API.js</HtmlFile>        
          <HtmlFile>html/js/Callbacks.js</HtmlFile>        
          <HtmlFile>html/js/Camera.js</HtmlFile>        
          <HtmlFile>html/js/Certificate.js</HtmlFile>        
          <HtmlFile>html/js/Custom.js</HtmlFile>        
          <HtmlFile>html/js/ExternalResource.js</HtmlFile>        
          <HtmlFile>html/js/jquery/jquery-1.5.2.js</HtmlFile>        
          <HtmlFile>html/js/jquery/jquery.mobile-1.0a4.1.js</HtmlFile>        
          <HtmlFile>html/js/json2.js</HtmlFile>        
          <HtmlFile>html/js/Resources.js</HtmlFile>        
          <HtmlFile>html/js/SUPStorage.js</HtmlFile>        
          <HtmlFile>html/js/Timezone.js</HtmlFile>        
          <HtmlFile>html/js/Utils.js</HtmlFile>        
          <HtmlFile>html/js/widgets/sy.ui.iphone.customButton.js</HtmlFile>        
          <HtmlFile>html/js/widgets/sy.ui.iphone.iscroll.js</HtmlFile>        
          <HtmlFile>html/js/widgets/sy.ui.iphone.listview.js</HtmlFile>        
          <HtmlFile>html/js/widgets/sy.ui.iphone.menus.js</HtmlFile>        
          <HtmlFile>html/js/widgets/sy.ui.iphone.picker.js</HtmlFile>        
          <HtmlFile>html/js/widgets/sy.ui.iphone.signature.js</HtmlFile>        
          <HtmlFile>html/js/widgets/sy.ui.iphone.util.js</HtmlFile>        
          <HtmlFile>html/js/widgets/sy.ui.js</HtmlFile>        
          <HtmlFile>html/js/Workflow.js</HtmlFile>        
          <HtmlFile>html/js/WorkflowMessage.js</HtmlFile>        
          <HtmlFile>html/workflow.html</HtmlFile>        
          <HtmlFile>html/workflow_CustomLookAndFeel.html</HtmlFile>        
          <HtmlFile>html/workflow_jQueryMobileLookAndFeel.html</HtmlFile>        
        </HtmlFiles>
        <CredentialScreen>Credential_Request_Screen</CredentialScreen>
        <ActivationScreen>Activate_Screen</ActivationScreen>
      </HTMLWorkflow>
    </iPhone>
  </ClientWorkflows>

  <ContextVariables>  
    <ContextVariable>
      <Name>SupUser</Name>
      <Value>supAdmin</Value>
      <Certificate>false</Certificate>
      <Password>false</Password>
    </ContextVariable>
    <ContextVariable>
      <Name>SupPassword</Name>
      <Value>s3pAdmin</Value>
      <Certificate>false</Certificate>
      <Password>true</Password>
    </ContextVariable>
    <ContextVariable>
      <Name>SupPackages</Name>
      <Value>WorkflowAutomation:1.0</Value>
      <Certificate>false</Certificate>
      <Password>false</Password>
    </ContextVariable>
    <ContextVariable>
      <Name>SupRecoverableErrorRetryTimeout</Name>
      <Value>900</Value>
      <Certificate>false</Certificate>
      <Password>false</Password>
    </ContextVariable>
    <ContextVariable>
      <Name>SupUnrecoverableErrorRetryTimeout</Name>
      <Value>259200</Value>
      <Certificate>false</Certificate>
      <Password>false</Password>
    </ContextVariable>
    <ContextVariable>
      <Name>SupThrowCredentialRequestOn401Error</Name>
      <Value>true</Value>
      <Certificate>false</Certificate>
      <Password>false</Password>
    </ContextVariable>
    <ContextVariable>
      <Name>SupMaximumMessageLength</Name>
      <Value>1048576</Value>
      <Certificate>false</Certificate>
      <Password>false</Password>
    </ContextVariable>

   </ContextVariables>

  <MatchRules>
    <SubjectRegExp><![CDATA[ddddd =.*]]></SubjectRegExp>
  </MatchRules>
</Manifest>
